,history_length,learning_rate,step,training_loss,training_accuracy,validation_loss,validation_accuracy
0,5.0,1e-05,1.0,1.6264442205429077,20.3125,1.6187480688095093,16.40625
1,5.0,1e-05,11.0,1.5824334621429443,25.78125,1.618650197982788,18.75
2,5.0,1e-05,21.0,1.561946153640747,29.6875,1.6093573570251465,21.875
3,5.0,1e-05,31.0,1.5346215963363647,35.9375,1.588015079498291,25.78125
4,5.0,1e-05,41.0,1.5358712673187256,38.28125,1.5564438104629517,36.71875
5,5.0,1e-05,51.0,1.49318528175354,49.21875,1.5202796459197998,39.84375
6,5.0,1e-05,61.0,1.4791667461395264,41.40625,1.4956109523773193,35.9375
7,5.0,1e-05,71.0,1.4467288255691528,42.1875,1.432989478111267,50.0
8,5.0,1e-05,81.0,1.4204834699630737,40.625,1.4266728162765503,42.96875
9,5.0,1e-05,91.0,1.3962433338165283,50.78125,1.349137783050537,58.59375
10,5.0,1e-05,101.0,1.3301565647125244,54.6875,1.3356305360794067,53.90625
11,5.0,1e-05,111.0,1.2650659084320068,53.125,1.3181431293487549,50.0
12,5.0,1e-05,121.0,1.2537801265716553,55.46875,1.2663488388061523,58.59375
13,5.0,1e-05,131.0,1.3291468620300293,49.21875,1.200819969177246,60.15625
14,5.0,1e-05,141.0,1.218018651008606,56.25,1.1820440292358398,60.15625
15,5.0,1e-05,151.0,1.2590025663375854,53.125,1.1723817586898804,55.46875
16,5.0,1e-05,161.0,1.2086788415908813,58.59375,1.0155315399169922,66.40625
17,5.0,1e-05,171.0,1.111459493637085,59.375,1.1094608306884766,60.15625
18,5.0,1e-05,181.0,1.1530616283416748,55.46875,1.1194449663162231,59.375
19,5.0,1e-05,191.0,1.1526919603347778,53.90625,1.072090983390808,65.625
20,5.0,1e-05,201.0,1.068202257156372,62.5,1.0280500650405884,62.5
21,5.0,1e-05,211.0,0.9876036047935486,67.96875,1.005411148071289,62.5
22,5.0,1e-05,221.0,1.0691633224487305,57.03125,0.9487277865409851,67.1875
23,5.0,1e-05,231.0,1.0436508655548096,60.9375,1.0075995922088623,63.28125
24,5.0,1e-05,241.0,1.1741186380386353,53.90625,0.9835036993026733,61.71875
25,5.0,1e-05,251.0,1.023713231086731,62.5,0.9259002208709717,64.84375
26,5.0,1e-05,261.0,0.997517466545105,62.5,0.9219428300857544,69.53125
27,5.0,1e-05,271.0,1.10606050491333,57.03125,0.9443965554237366,61.71875
28,5.0,1e-05,281.0,0.9050933122634888,65.625,0.9824557304382324,63.28125
29,5.0,1e-05,291.0,0.9486984610557556,64.0625,0.9290139079093933,63.28125
30,5.0,1e-05,301.0,1.0541634559631348,60.9375,0.946467399597168,61.71875
31,5.0,1e-05,311.0,0.9518625140190125,60.9375,0.9568718075752258,61.71875
32,5.0,1e-05,321.0,0.876319944858551,67.1875,0.920537531375885,68.75
33,5.0,1e-05,331.0,0.8258768916130066,71.09375,0.8698425889015198,67.1875
34,5.0,1e-05,341.0,0.9599872827529907,60.15625,0.9696268439292908,60.9375
35,5.0,1e-05,351.0,0.8934786915779114,60.15625,0.8775856494903564,66.40625
36,5.0,1e-05,361.0,0.932682454586029,61.71875,0.8990048170089722,66.40625
37,5.0,1e-05,371.0,0.8961163759231567,65.625,0.8996890783309937,63.28125
38,5.0,1e-05,381.0,0.9720888137817383,62.5,0.8435788750648499,67.96875
39,5.0,1e-05,391.0,0.8904367685317993,62.5,0.8771135210990906,71.875
40,5.0,1e-05,401.0,0.903946578502655,62.5,0.815073549747467,68.75
41,5.0,1e-05,411.0,0.928467869758606,66.40625,0.843073844909668,67.1875
42,5.0,1e-05,421.0,0.836622953414917,71.875,0.850218653678894,69.53125
43,5.0,1e-05,431.0,0.909907341003418,64.0625,0.8761582374572754,60.9375
44,5.0,1e-05,441.0,0.8522613048553467,67.96875,0.8943411111831665,67.1875
45,5.0,1e-05,451.0,0.8605566620826721,69.53125,0.8372068405151367,64.0625
46,5.0,1e-05,461.0,0.8434540033340454,67.96875,0.8788989186286926,60.9375
47,5.0,1e-05,471.0,0.8204839825630188,68.75,0.8278374075889587,67.1875
48,5.0,1e-05,481.0,0.8528856039047241,67.96875,0.8405405282974243,67.96875
49,5.0,1e-05,491.0,0.7748538255691528,75.0,0.8699362277984619,65.625
50,5.0,1e-05,501.0,0.8431736826896667,66.40625,0.8361753225326538,67.1875
51,5.0,1e-05,511.0,0.7927675843238831,71.875,0.9588062763214111,53.125
52,5.0,1e-05,521.0,0.9038727879524231,63.28125,0.8281810283660889,61.71875
53,5.0,1e-05,531.0,0.8378621339797974,73.4375,0.8134911060333252,71.09375
54,5.0,1e-05,541.0,0.8483991026878357,70.3125,0.8185580968856812,66.40625
55,5.0,1e-05,551.0,0.903846025466919,57.8125,0.7457206845283508,75.0
56,5.0,1e-05,561.0,0.8354820609092712,60.9375,0.8443306088447571,67.96875
57,5.0,1e-05,571.0,0.829741895198822,69.53125,0.8302748799324036,62.5
58,5.0,1e-05,581.0,0.8004077672958374,69.53125,0.883375346660614,64.84375
59,5.0,1e-05,591.0,0.8306166529655457,68.75,0.8795529007911682,58.59375
60,5.0,1e-05,601.0,0.7042441964149475,75.0,0.8420558571815491,64.0625
61,5.0,1e-05,611.0,0.8683669567108154,64.84375,0.8339768648147583,58.59375
62,5.0,1e-05,621.0,0.7612115144729614,69.53125,0.8688585162162781,62.5
63,5.0,1e-05,631.0,0.8940603137016296,65.625,0.8589454889297485,66.40625
64,5.0,1e-05,641.0,0.8745251893997192,67.96875,0.8540173768997192,64.84375
65,5.0,1e-05,651.0,0.867559552192688,67.1875,0.7591177821159363,71.09375
66,5.0,1e-05,661.0,0.7255091071128845,72.65625,0.7767485976219177,67.96875
67,5.0,1e-05,671.0,0.8515030145645142,61.71875,0.8901859521865845,60.15625
68,5.0,1e-05,681.0,0.8277705907821655,63.28125,0.7521548271179199,71.09375
69,5.0,1e-05,691.0,0.7661104798316956,74.21875,0.8388437032699585,62.5
70,5.0,1e-05,701.0,0.8687731623649597,62.5,0.8476253747940063,64.84375
71,5.0,1e-05,711.0,0.7483700513839722,73.4375,0.7784578800201416,67.1875
72,5.0,1e-05,721.0,0.7299649119377136,70.3125,0.9694579243659973,53.125
73,5.0,1e-05,731.0,0.8368876576423645,70.3125,0.7618252038955688,65.625
74,5.0,1e-05,741.0,0.6998404860496521,71.875,0.6993979811668396,74.21875
75,5.0,1e-05,751.0,0.9674359560012817,58.59375,0.786517858505249,66.40625
76,5.0,1e-05,761.0,0.8782578706741333,67.96875,0.7784034609794617,67.1875
77,5.0,1e-05,771.0,0.741503894329071,74.21875,0.7672346234321594,71.875
78,5.0,1e-05,781.0,0.8352177739143372,70.3125,0.7625185251235962,67.1875
79,5.0,1e-05,791.0,0.8145292401313782,74.21875,0.8102216124534607,61.71875
80,5.0,1e-05,801.0,0.7471809983253479,66.40625,0.7569947242736816,67.1875
81,5.0,1e-05,811.0,0.7383831739425659,72.65625,0.8214766383171082,67.1875
82,5.0,1e-05,821.0,0.8600724935531616,64.0625,0.7438570857048035,69.53125
83,5.0,1e-05,831.0,0.8761780858039856,64.0625,0.7770476341247559,66.40625
84,5.0,1e-05,841.0,0.7840379476547241,71.09375,0.6574476361274719,74.21875
85,5.0,1e-05,851.0,0.7827354669570923,67.1875,0.7861314415931702,64.84375
86,5.0,1e-05,861.0,0.6603487730026245,73.4375,0.7331241965293884,70.3125
87,5.0,1e-05,871.0,0.7056481838226318,77.34375,0.7248173356056213,68.75
88,5.0,1e-05,881.0,0.798904538154602,64.0625,0.799809992313385,63.28125
89,5.0,1e-05,891.0,0.7381585240364075,68.75,0.7843518853187561,65.625
90,5.0,1e-05,901.0,0.7978262901306152,71.875,0.7330165505409241,73.4375
91,5.0,1e-05,911.0,0.7830544710159302,75.0,0.7336905002593994,72.65625
92,5.0,1e-05,921.0,0.7602603435516357,72.65625,0.8046976327896118,63.28125
93,5.0,1e-05,931.0,0.7224645614624023,70.3125,0.8282692432403564,64.84375
94,5.0,1e-05,941.0,0.8799191117286682,64.0625,0.6984701156616211,67.1875
95,5.0,1e-05,951.0,0.8413377404212952,67.1875,0.7492779493331909,67.1875
96,5.0,1e-05,961.0,0.773312509059906,77.34375,0.754626989364624,71.875
97,5.0,1e-05,971.0,0.8537159562110901,67.1875,0.8561649918556213,63.28125
98,5.0,1e-05,981.0,0.7030555605888367,75.78125,0.9005399346351624,57.03125
99,5.0,1e-05,991.0,0.7398511171340942,69.53125,0.7192921042442322,64.84375
100,3.0,0.001,1.0,1.6479030847549438,16.40625,1.6342084407806396,17.96875
101,3.0,0.001,11.0,0.8151125907897949,68.75,1.554017186164856,23.4375
102,3.0,0.001,21.0,0.896334171295166,65.625,1.2860103845596313,54.6875
103,3.0,0.001,31.0,0.7673570513725281,63.28125,1.6756211519241333,39.84375
104,3.0,0.001,41.0,0.7474269866943359,70.3125,1.9104664325714111,40.625
105,3.0,0.001,51.0,0.7547422647476196,67.96875,3.524625301361084,30.46875
106,3.0,0.001,61.0,0.801191508769989,67.96875,1.5628594160079956,43.75
107,3.0,0.001,71.0,0.6593760848045349,71.875,3.2903943061828613,19.53125
108,3.0,0.001,81.0,0.9154499769210815,60.9375,1.2983638048171997,57.8125
109,3.0,0.001,91.0,0.7648703455924988,68.75,0.9327729940414429,60.15625
110,3.0,0.001,101.0,0.7535593509674072,69.53125,0.9079303741455078,64.0625
111,3.0,0.001,111.0,0.6701399087905884,68.75,1.348360300064087,46.875
112,3.0,0.001,121.0,0.5729174017906189,78.90625,0.5924134254455566,76.5625
113,3.0,0.001,131.0,0.8107930421829224,66.40625,0.8209207653999329,61.71875
114,3.0,0.001,141.0,0.6327199935913086,72.65625,4.6622724533081055,34.375
115,3.0,0.001,151.0,0.6258636116981506,75.0,1.0291104316711426,57.03125
116,3.0,0.001,161.0,0.702455997467041,70.3125,3.2465031147003174,30.46875
117,3.0,0.001,171.0,0.6074590682983398,79.6875,0.7782716155052185,69.53125
118,3.0,0.001,181.0,0.6698639988899231,71.09375,5.131255149841309,24.21875
119,3.0,0.001,191.0,0.6754539608955383,71.875,3.208855628967285,31.25
120,3.0,0.001,201.0,0.5667839646339417,78.125,1.1322587728500366,47.65625
121,3.0,0.001,211.0,0.6160492300987244,75.0,4.724772930145264,40.625
122,3.0,0.001,221.0,0.7078732252120972,73.4375,2.361640214920044,45.3125
123,3.0,0.001,231.0,0.6904028654098511,71.09375,0.857077419757843,64.84375
124,3.0,0.001,241.0,0.5664783120155334,75.0,2.0327095985412598,44.53125
125,3.0,0.001,251.0,0.8234690427780151,65.625,4.293951988220215,25.78125
126,3.0,0.001,261.0,0.6247636675834656,70.3125,1.810715913772583,50.0
127,3.0,0.001,271.0,0.6563555002212524,72.65625,0.7432556748390198,65.625
128,3.0,0.001,281.0,0.6884846091270447,73.4375,1.7581346035003662,44.53125
129,3.0,0.001,291.0,0.6332874298095703,76.5625,0.8207589983940125,60.9375
130,3.0,0.001,301.0,0.7979526519775391,65.625,4.8573150634765625,23.4375
131,3.0,0.001,311.0,0.678019642829895,71.875,0.8476059436798096,64.0625
132,3.0,0.001,321.0,0.5885260105133057,73.4375,2.9391164779663086,40.625
133,3.0,0.001,331.0,0.5691245198249817,73.4375,2.695127487182617,42.1875
134,3.0,0.001,341.0,0.6257485151290894,67.96875,5.043507099151611,15.625
135,3.0,0.001,351.0,0.657541036605835,73.4375,2.5499162673950195,36.71875
136,3.0,0.001,361.0,0.7092440724372864,68.75,0.7242689728736877,73.4375
137,3.0,0.001,371.0,0.5850363373756409,76.5625,1.0388107299804688,54.6875
138,3.0,0.001,381.0,0.612718403339386,70.3125,1.283733606338501,50.78125
139,3.0,0.001,391.0,0.5920233130455017,76.5625,4.374255180358887,28.90625
140,3.0,0.001,401.0,0.5773794651031494,74.21875,0.7481693029403687,69.53125
141,3.0,0.001,411.0,0.5451211333274841,79.6875,0.7312833070755005,67.96875
142,3.0,0.001,421.0,0.743626594543457,66.40625,2.120793104171753,49.21875
143,3.0,0.001,431.0,0.5267864465713501,80.46875,0.6485482454299927,75.0
144,3.0,0.001,441.0,0.7787684798240662,67.1875,0.6352447867393494,73.4375
145,3.0,0.001,451.0,0.536381185054779,78.125,1.9066959619522095,42.96875
146,3.0,0.001,461.0,0.5996745228767395,75.0,1.6973000764846802,46.09375
147,3.0,0.001,471.0,0.5406278371810913,78.90625,1.5271928310394287,50.78125
148,3.0,0.001,481.0,0.5472008585929871,75.0,0.7555215954780579,64.0625
149,3.0,0.001,491.0,0.6681883931159973,70.3125,1.0576066970825195,57.03125
150,3.0,0.001,501.0,0.4890482723712921,78.90625,0.6609274744987488,73.4375
151,3.0,0.001,511.0,0.5307767391204834,78.90625,0.6902443766593933,70.3125
152,3.0,0.001,521.0,0.5765290260314941,75.78125,0.8331907391548157,63.28125
153,3.0,0.001,531.0,0.6660110354423523,71.09375,3.474581480026245,39.0625
154,3.0,0.001,541.0,0.5250086188316345,79.6875,1.1142804622650146,62.5
155,3.0,0.001,551.0,0.6633755564689636,74.21875,1.476204752922058,54.6875
156,3.0,0.001,561.0,0.5178594589233398,78.125,1.167067289352417,52.34375
157,3.0,0.001,571.0,0.6490864157676697,75.0,1.1069726943969727,59.375
158,3.0,0.001,581.0,0.6137859225273132,74.21875,1.015112280845642,54.6875
159,3.0,0.001,591.0,0.5190644860267639,75.78125,0.8897982239723206,63.28125
160,3.0,0.001,601.0,0.45422136783599854,82.8125,0.8592846989631653,66.40625
161,3.0,0.001,611.0,0.39777815341949463,87.5,0.9489715099334717,58.59375
162,3.0,0.001,621.0,0.5112861394882202,77.34375,0.7116893529891968,67.1875
163,3.0,0.001,631.0,0.47644615173339844,82.03125,3.2117605209350586,39.0625
164,3.0,0.001,641.0,0.5030125379562378,77.34375,0.6104902625083923,72.65625
165,3.0,0.001,651.0,0.6312140822410583,70.3125,0.7634546160697937,64.84375
166,3.0,0.001,661.0,0.5102401375770569,77.34375,1.2439340353012085,51.5625
167,3.0,0.001,671.0,0.6152480840682983,75.0,0.9368202090263367,67.1875
168,3.0,0.001,681.0,0.5819534659385681,75.78125,0.7589395642280579,68.75
169,3.0,0.001,691.0,0.5127070546150208,78.90625,2.4655301570892334,35.15625
170,3.0,0.001,701.0,0.6516923904418945,69.53125,0.7270017862319946,76.5625
171,3.0,0.001,711.0,0.5939843654632568,74.21875,0.6196130514144897,77.34375
172,3.0,0.001,721.0,0.45822975039482117,79.6875,0.6361760497093201,71.09375
173,3.0,0.001,731.0,0.4920709431171417,81.25,1.1262127161026,57.8125
174,3.0,0.001,741.0,0.47452282905578613,78.90625,0.8177962303161621,64.0625
175,3.0,0.001,751.0,0.4995805323123932,82.03125,0.9612468481063843,59.375
176,3.0,0.001,761.0,0.6016404628753662,75.78125,1.494605541229248,42.1875
177,3.0,0.001,771.0,0.4956513047218323,76.5625,1.397063970565796,53.125
178,3.0,0.001,781.0,0.5551871657371521,71.09375,0.7789701819419861,68.75
179,3.0,0.001,791.0,0.6221878528594971,73.4375,0.8344287276268005,67.96875
180,3.0,0.001,801.0,0.4858042299747467,78.90625,2.9483513832092285,32.8125
181,3.0,0.001,811.0,0.6227148771286011,72.65625,0.8716593980789185,60.9375
182,3.0,0.001,821.0,0.5952329039573669,75.78125,1.126725673675537,55.46875
183,3.0,0.001,831.0,0.4494650065898895,84.375,0.6609829068183899,67.96875
184,3.0,0.001,841.0,0.5781738758087158,73.4375,0.7769690155982971,67.1875
185,3.0,0.001,851.0,0.38270092010498047,87.5,1.2362056970596313,57.8125
186,3.0,0.001,861.0,0.4568808972835541,77.34375,1.3611468076705933,57.8125
187,3.0,0.001,871.0,0.4434839189052582,82.03125,0.7851437926292419,64.84375
188,3.0,0.001,881.0,0.4349386990070343,84.375,4.014161586761475,28.90625
189,3.0,0.001,891.0,0.5125008821487427,81.25,1.9902235269546509,39.0625
190,3.0,0.001,901.0,0.5427441000938416,76.5625,1.114007592201233,62.5
191,3.0,0.001,911.0,0.49447306990623474,80.46875,1.1249006986618042,55.46875
192,3.0,0.001,921.0,0.548767626285553,82.03125,0.7854118347167969,67.1875
193,3.0,0.001,931.0,0.5820988416671753,75.0,1.0203040838241577,60.9375
194,3.0,0.001,941.0,0.5256133079528809,78.125,0.776644229888916,71.09375
195,3.0,0.001,951.0,0.4266583323478699,81.25,1.3909188508987427,50.0
196,3.0,0.001,961.0,0.4306672215461731,79.6875,0.8379095792770386,64.0625
197,3.0,0.001,971.0,0.4365483224391937,80.46875,0.7859938144683838,65.625
198,3.0,0.001,981.0,0.4460758566856384,82.8125,0.9786067605018616,60.9375
199,3.0,0.001,991.0,0.6236451864242554,73.4375,0.7801970839500427,67.96875
200,3.0,1e-05,1.0,1.617652416229248,21.875,1.6125966310501099,17.96875
201,3.0,1e-05,11.0,1.6042510271072388,25.78125,1.6049222946166992,23.4375
202,3.0,1e-05,21.0,1.5474244356155396,40.625,1.6072280406951904,28.125
203,3.0,1e-05,31.0,1.5582880973815918,28.90625,1.5628362894058228,38.28125
204,3.0,1e-05,41.0,1.4756476879119873,41.40625,1.530836820602417,36.71875
205,3.0,1e-05,51.0,1.4289590120315552,53.125,1.4823188781738281,43.75
206,3.0,1e-05,61.0,1.4583544731140137,42.1875,1.4296462535858154,50.78125
207,3.0,1e-05,71.0,1.4026387929916382,52.34375,1.4345755577087402,45.3125
208,3.0,1e-05,81.0,1.3561041355133057,49.21875,1.3739575147628784,48.4375
209,3.0,1e-05,91.0,1.3894535303115845,49.21875,1.3594495058059692,50.0
210,3.0,1e-05,101.0,1.2450599670410156,64.0625,1.257925271987915,63.28125
211,3.0,1e-05,111.0,1.2130311727523804,62.5,1.2228516340255737,58.59375
212,3.0,1e-05,121.0,1.221194863319397,60.9375,1.2667300701141357,59.375
213,3.0,1e-05,131.0,1.3283311128616333,50.78125,1.2321851253509521,53.90625
214,3.0,1e-05,141.0,1.1807410717010498,60.9375,1.1746464967727661,60.9375
215,3.0,1e-05,151.0,1.1499837636947632,57.8125,1.22757887840271,49.21875
216,3.0,1e-05,161.0,1.218186855316162,57.03125,1.185153841972351,59.375
217,3.0,1e-05,171.0,1.0569887161254883,67.1875,1.1358532905578613,64.0625
218,3.0,1e-05,181.0,1.0884994268417358,71.09375,1.1420223712921143,57.03125
219,3.0,1e-05,191.0,1.0784504413604736,64.0625,1.14043390750885,60.9375
220,3.0,1e-05,201.0,1.0212830305099487,66.40625,1.1261653900146484,62.5
221,3.0,1e-05,211.0,1.023926019668579,64.0625,0.9695287346839905,63.28125
222,3.0,1e-05,221.0,1.0930403470993042,57.8125,0.9281464219093323,65.625
223,3.0,1e-05,231.0,1.0728421211242676,56.25,0.9862962365150452,65.625
224,3.0,1e-05,241.0,0.9315314888954163,71.875,0.9043094515800476,70.3125
225,3.0,1e-05,251.0,1.0818054676055908,64.84375,0.9933483600616455,59.375
226,3.0,1e-05,261.0,1.0976173877716064,60.9375,0.9719905853271484,64.84375
227,3.0,1e-05,271.0,0.8409786224365234,73.4375,1.060722827911377,58.59375
228,3.0,1e-05,281.0,0.8969070315361023,65.625,0.8791318535804749,67.96875
229,3.0,1e-05,291.0,1.0494606494903564,60.15625,0.9429406523704529,66.40625
230,3.0,1e-05,301.0,1.0005749464035034,64.0625,0.9234459400177002,63.28125
231,3.0,1e-05,311.0,0.9532100558280945,60.9375,0.9071735143661499,63.28125
232,3.0,1e-05,321.0,0.9979671835899353,60.9375,0.7682097554206848,75.78125
233,3.0,1e-05,331.0,0.8659437298774719,70.3125,0.859697163105011,71.09375
234,3.0,1e-05,341.0,0.8967695236206055,67.1875,0.8722692728042603,61.71875
235,3.0,1e-05,351.0,0.9555243253707886,62.5,0.9065961837768555,66.40625
236,3.0,1e-05,361.0,0.8485374450683594,71.09375,0.8928605318069458,64.84375
237,3.0,1e-05,371.0,0.914695143699646,64.84375,0.9129191040992737,65.625
238,3.0,1e-05,381.0,0.8706178665161133,64.0625,0.7930155992507935,71.875
239,3.0,1e-05,391.0,0.9534412026405334,61.71875,0.8914874196052551,66.40625
240,3.0,1e-05,401.0,0.9335068464279175,64.0625,0.8504353761672974,65.625
241,3.0,1e-05,411.0,0.9790031313896179,60.9375,0.8713376522064209,67.96875
242,3.0,1e-05,421.0,0.8620500564575195,68.75,0.92983078956604,64.0625
243,3.0,1e-05,431.0,0.9275327920913696,66.40625,0.8508023619651794,64.0625
244,3.0,1e-05,441.0,0.8278171420097351,67.96875,0.8852015733718872,68.75
245,3.0,1e-05,451.0,0.8949959874153137,65.625,0.8597726821899414,67.1875
246,3.0,1e-05,461.0,0.8201661705970764,70.3125,0.8571243286132812,68.75
247,3.0,1e-05,471.0,0.787293016910553,67.1875,0.9198389053344727,63.28125
248,3.0,1e-05,481.0,0.8092056512832642,66.40625,0.9198640584945679,61.71875
249,3.0,1e-05,491.0,0.8321420550346375,64.0625,0.8014560341835022,69.53125
250,3.0,1e-05,501.0,0.858919620513916,73.4375,0.7651762962341309,72.65625
251,3.0,1e-05,511.0,0.9400301575660706,62.5,0.8841049075126648,65.625
252,3.0,1e-05,521.0,0.8480700254440308,63.28125,0.8401698470115662,64.84375
253,3.0,1e-05,531.0,0.8262004256248474,71.09375,0.8054875731468201,70.3125
254,3.0,1e-05,541.0,0.8039016127586365,65.625,0.9265039563179016,64.84375
255,3.0,1e-05,551.0,0.9211681485176086,64.84375,0.932602047920227,63.28125
256,3.0,1e-05,561.0,0.8720518946647644,65.625,0.7541362047195435,71.875
257,3.0,1e-05,571.0,0.8045390844345093,69.53125,0.7351382970809937,67.1875
258,3.0,1e-05,581.0,0.9385181665420532,59.375,0.8458473086357117,64.84375
259,3.0,1e-05,591.0,0.8759571313858032,64.84375,0.8818446397781372,57.8125
260,3.0,1e-05,601.0,0.7988522052764893,73.4375,0.9451251029968262,57.8125
261,3.0,1e-05,611.0,0.8540257811546326,67.96875,0.8743823766708374,63.28125
262,3.0,1e-05,621.0,0.8104424476623535,70.3125,0.8527094721794128,69.53125
263,3.0,1e-05,631.0,0.8882666230201721,65.625,0.8316425681114197,64.0625
264,3.0,1e-05,641.0,0.890046238899231,67.1875,0.7605242133140564,66.40625
265,3.0,1e-05,651.0,0.9794567227363586,64.0625,0.7892544865608215,68.75
266,3.0,1e-05,661.0,0.8492146730422974,64.84375,0.7855467200279236,66.40625
267,3.0,1e-05,671.0,0.8346587419509888,63.28125,0.7964091300964355,69.53125
268,3.0,1e-05,681.0,0.7923094630241394,68.75,0.7624257206916809,73.4375
269,3.0,1e-05,691.0,0.7524447441101074,71.875,0.7540271282196045,71.09375
270,3.0,1e-05,701.0,0.8401632905006409,70.3125,0.800342857837677,73.4375
271,3.0,1e-05,711.0,0.8911182284355164,58.59375,0.8610933423042297,64.0625
272,3.0,1e-05,721.0,0.7227427959442139,76.5625,0.7943267226219177,65.625
273,3.0,1e-05,731.0,0.8084571361541748,69.53125,0.8092805743217468,64.84375
274,3.0,1e-05,741.0,0.8163025379180908,61.71875,0.8737466335296631,66.40625
275,3.0,1e-05,751.0,0.8418256044387817,66.40625,0.771101176738739,69.53125
276,3.0,1e-05,761.0,0.9166191816329956,66.40625,0.7770768404006958,71.09375
277,3.0,1e-05,771.0,0.9002792239189148,63.28125,0.851352334022522,63.28125
278,3.0,1e-05,781.0,0.8267883062362671,69.53125,0.7608055472373962,67.96875
279,3.0,1e-05,791.0,0.7120619416236877,69.53125,0.8279408812522888,61.71875
280,3.0,1e-05,801.0,0.7597358226776123,76.5625,0.8115484118461609,64.0625
281,3.0,1e-05,811.0,0.8021870851516724,67.96875,0.7662601470947266,66.40625
282,3.0,1e-05,821.0,0.8116446733474731,64.84375,0.7434999942779541,69.53125
283,3.0,1e-05,831.0,0.7775720357894897,67.96875,0.8691828846931458,68.75
284,3.0,1e-05,841.0,0.7246776819229126,72.65625,0.8517470359802246,61.71875
285,3.0,1e-05,851.0,0.7654778361320496,65.625,0.8257864713668823,65.625
286,3.0,1e-05,861.0,0.7556398510932922,75.0,0.8051631450653076,64.84375
287,3.0,1e-05,871.0,0.813842236995697,71.09375,0.9852243065834045,53.90625
288,3.0,1e-05,881.0,0.6852343082427979,74.21875,0.779711902141571,66.40625
289,3.0,1e-05,891.0,0.9060949087142944,60.9375,0.8241116404533386,67.96875
290,3.0,1e-05,901.0,0.7470338344573975,67.96875,0.8083946108818054,66.40625
291,3.0,1e-05,911.0,0.8161463737487793,67.1875,0.8618924021720886,60.9375
292,3.0,1e-05,921.0,0.7820773124694824,70.3125,0.8240918517112732,64.84375
293,3.0,1e-05,931.0,0.7806589007377625,64.84375,0.839174211025238,61.71875
294,3.0,1e-05,941.0,0.8576844930648804,64.84375,0.8205239772796631,67.1875
295,3.0,1e-05,951.0,0.7112560272216797,72.65625,0.7971140742301941,65.625
296,3.0,1e-05,961.0,0.8278489112854004,67.96875,0.9538233876228333,58.59375
297,3.0,1e-05,971.0,0.7399899363517761,70.3125,0.7597613334655762,67.96875
298,3.0,1e-05,981.0,0.814886212348938,68.75,0.7848477959632874,65.625
299,3.0,1e-05,991.0,0.755406379699707,67.1875,0.7994614243507385,70.3125
300,3.0,0.0001,1.0,1.6165956258773804,21.875,1.6282806396484375,21.875
301,3.0,0.0001,11.0,1.3473999500274658,52.34375,1.600345253944397,21.09375
302,3.0,0.0001,21.0,1.183915376663208,54.6875,1.4518641233444214,42.96875
303,3.0,0.0001,31.0,0.969440221786499,69.53125,1.1803934574127197,56.25
304,3.0,0.0001,41.0,0.8281392455101013,71.09375,1.0356934070587158,60.15625
305,3.0,0.0001,51.0,0.8910001516342163,66.40625,0.9583203792572021,60.15625
306,3.0,0.0001,61.0,0.8153514862060547,70.3125,0.8308807611465454,68.75
307,3.0,0.0001,71.0,0.7813351154327393,71.09375,0.808782160282135,62.5
308,3.0,0.0001,81.0,0.8220374584197998,66.40625,0.9682769775390625,58.59375
309,3.0,0.0001,91.0,0.8916014432907104,65.625,0.8062950372695923,67.96875
310,3.0,0.0001,101.0,0.8174675703048706,68.75,0.7960671186447144,62.5
311,3.0,0.0001,111.0,0.8210824728012085,66.40625,1.0712419748306274,58.59375
312,3.0,0.0001,121.0,0.9688696265220642,64.84375,0.7442250847816467,66.40625
313,3.0,0.0001,131.0,0.8650707006454468,64.84375,0.7879674434661865,66.40625
314,3.0,0.0001,141.0,0.8012145161628723,69.53125,0.8885828852653503,64.0625
315,3.0,0.0001,151.0,0.8046762347221375,67.1875,0.7521963119506836,69.53125
316,3.0,0.0001,161.0,0.7831498384475708,72.65625,0.7475566267967224,64.84375
317,3.0,0.0001,171.0,0.854225754737854,64.0625,0.774649977684021,62.5
318,3.0,0.0001,181.0,0.5886217951774597,78.125,0.7495222091674805,67.96875
319,3.0,0.0001,191.0,0.6857512593269348,72.65625,0.7560383677482605,71.875
320,3.0,0.0001,201.0,0.6859703063964844,67.1875,0.6812693476676941,75.0
321,3.0,0.0001,211.0,0.6516833901405334,75.78125,0.8605774641036987,63.28125
322,3.0,0.0001,221.0,0.7648569345474243,69.53125,0.8479524850845337,67.1875
323,3.0,0.0001,231.0,0.6799306869506836,67.96875,0.8539208769798279,64.84375
324,3.0,0.0001,241.0,0.6672132611274719,79.6875,0.7436971068382263,71.875
325,3.0,0.0001,251.0,0.6438500285148621,76.5625,0.7044174075126648,69.53125
326,3.0,0.0001,261.0,0.6519679427146912,75.78125,0.6733611822128296,67.96875
327,3.0,0.0001,271.0,0.6645302176475525,73.4375,0.7290995121002197,69.53125
328,3.0,0.0001,281.0,0.726615309715271,67.1875,0.784598708152771,61.71875
329,3.0,0.0001,291.0,0.7138896584510803,72.65625,0.6671059131622314,74.21875
330,3.0,0.0001,301.0,0.5406175255775452,82.03125,0.7205904126167297,68.75
331,3.0,0.0001,311.0,0.6342219710350037,70.3125,0.7298736572265625,71.875
332,3.0,0.0001,321.0,0.7261205911636353,73.4375,0.6317321062088013,75.78125
333,3.0,0.0001,331.0,0.6325399875640869,75.0,0.61810702085495,80.46875
334,3.0,0.0001,341.0,0.6812789440155029,74.21875,0.8642159700393677,64.0625
335,3.0,0.0001,351.0,0.6608456373214722,75.0,0.7186095118522644,72.65625
336,3.0,0.0001,361.0,0.6053922176361084,70.3125,0.6386022567749023,74.21875
337,3.0,0.0001,371.0,0.48759737610816956,82.8125,0.694354772567749,69.53125
338,3.0,0.0001,381.0,0.7279131412506104,73.4375,0.6375055313110352,74.21875
339,3.0,0.0001,391.0,0.6621623635292053,71.09375,0.7415968775749207,65.625
340,3.0,0.0001,401.0,0.7092276811599731,67.1875,0.5379406213760376,80.46875
341,3.0,0.0001,411.0,0.7438591718673706,67.1875,0.797095775604248,66.40625
342,3.0,0.0001,421.0,0.6510670781135559,72.65625,0.7561452984809875,69.53125
343,3.0,0.0001,431.0,0.6762282252311707,72.65625,0.7288968563079834,74.21875
344,3.0,0.0001,441.0,0.5720973610877991,78.125,1.0756808519363403,56.25
345,3.0,0.0001,451.0,0.6495305299758911,76.5625,0.6631162762641907,71.875
346,3.0,0.0001,461.0,0.6149330735206604,75.0,0.6905006766319275,69.53125
347,3.0,0.0001,471.0,0.6887378692626953,67.1875,0.7735769748687744,67.96875
348,3.0,0.0001,481.0,0.7198043465614319,75.0,0.6381189823150635,75.78125
349,3.0,0.0001,491.0,0.7421908378601074,67.1875,0.7241640090942383,70.3125
350,3.0,0.0001,501.0,0.5168201327323914,78.125,0.6221676468849182,75.78125
351,3.0,0.0001,511.0,0.7204402089118958,70.3125,0.7087006568908691,72.65625
352,3.0,0.0001,521.0,0.5628974437713623,78.125,0.7549136877059937,68.75
353,3.0,0.0001,531.0,0.6114654541015625,74.21875,0.6979144811630249,71.875
354,3.0,0.0001,541.0,0.5849520564079285,77.34375,0.6098829507827759,77.34375
355,3.0,0.0001,551.0,0.5503216981887817,78.90625,0.6375671625137329,73.4375
356,3.0,0.0001,561.0,0.5850587487220764,73.4375,0.7352121472358704,67.96875
357,3.0,0.0001,571.0,0.4700374901294708,83.59375,0.615810751914978,74.21875
358,3.0,0.0001,581.0,0.6203054189682007,72.65625,0.5986140966415405,78.125
359,3.0,0.0001,591.0,0.48338159918785095,78.90625,0.6953778266906738,71.875
360,3.0,0.0001,601.0,0.5481695532798767,78.90625,0.7525100111961365,71.875
361,3.0,0.0001,611.0,0.5560302734375,78.125,0.8921915292739868,66.40625
362,3.0,0.0001,621.0,0.5403075814247131,78.90625,0.6624053716659546,71.09375
363,3.0,0.0001,631.0,0.6139638423919678,75.0,0.7102549076080322,72.65625
364,3.0,0.0001,641.0,0.6023200154304504,72.65625,0.7507089972496033,67.96875
365,3.0,0.0001,651.0,0.5996852517127991,78.90625,0.7781962156295776,65.625
366,3.0,0.0001,661.0,0.5779954791069031,75.78125,0.7239513993263245,67.96875
367,3.0,0.0001,671.0,0.5703179836273193,74.21875,0.6762328147888184,75.0
368,3.0,0.0001,681.0,0.5514624118804932,79.6875,0.8579536080360413,66.40625
369,3.0,0.0001,691.0,0.5616289973258972,79.6875,0.7345733642578125,68.75
370,3.0,0.0001,701.0,0.5628350377082825,74.21875,0.7139009237289429,64.0625
371,3.0,0.0001,711.0,0.5688938498497009,78.125,0.6656029224395752,77.34375
372,3.0,0.0001,721.0,0.590681791305542,75.78125,0.5747765302658081,73.4375
373,3.0,0.0001,731.0,0.5092357397079468,84.375,0.6329363584518433,72.65625
374,3.0,0.0001,741.0,0.6174850463867188,74.21875,0.6655096411705017,72.65625
375,3.0,0.0001,751.0,0.606560230255127,72.65625,0.7739723920822144,71.875
376,3.0,0.0001,761.0,0.6342507004737854,72.65625,0.8554776906967163,67.96875
377,3.0,0.0001,771.0,0.4955054223537445,76.5625,0.6162506937980652,75.0
378,3.0,0.0001,781.0,0.5272274017333984,79.6875,0.6497039198875427,72.65625
379,3.0,0.0001,791.0,0.5570418238639832,76.5625,0.709198534488678,69.53125
380,3.0,0.0001,801.0,0.5131726861000061,78.125,0.6617812514305115,68.75
381,3.0,0.0001,811.0,0.4392046630382538,87.5,0.6605955362319946,73.4375
382,3.0,0.0001,821.0,0.6163162589073181,75.78125,0.5686114430427551,75.78125
383,3.0,0.0001,831.0,0.5268831849098206,75.0,0.5864465236663818,76.5625
384,3.0,0.0001,841.0,0.5133736729621887,77.34375,0.7441912889480591,67.96875
385,3.0,0.0001,851.0,0.49162471294403076,84.375,0.9847649931907654,57.8125
386,3.0,0.0001,861.0,0.581986129283905,75.0,0.7419469356536865,68.75
387,3.0,0.0001,871.0,0.5734618902206421,78.90625,0.5607020258903503,76.5625
388,3.0,0.0001,881.0,0.49883392453193665,82.03125,0.7427517771720886,64.0625
389,3.0,0.0001,891.0,0.4831913411617279,83.59375,0.6446254849433899,71.875
390,3.0,0.0001,901.0,0.5619533061981201,75.78125,0.7522879838943481,65.625
391,3.0,0.0001,911.0,0.47767379879951477,79.6875,0.6303825974464417,70.3125
392,3.0,0.0001,921.0,0.5926216840744019,75.0,0.8713364005088806,62.5
393,3.0,0.0001,931.0,0.44731593132019043,78.125,0.6835427284240723,67.1875
394,3.0,0.0001,941.0,0.5417004227638245,75.0,0.7342532277107239,68.75
395,3.0,0.0001,951.0,0.5266573429107666,82.8125,0.6841098070144653,67.1875
396,3.0,0.0001,961.0,0.48127129673957825,82.03125,0.7284166216850281,69.53125
397,3.0,0.0001,971.0,0.45417383313179016,80.46875,0.5709993243217468,76.5625
398,3.0,0.0001,981.0,0.538404107093811,75.0,0.7371053099632263,64.84375
399,3.0,0.0001,991.0,0.4439599812030792,85.9375,0.8259753584861755,66.40625
400,1.0,0.0001,1.0,1.625073790550232,21.09375,1.6235096454620361,12.5
401,1.0,0.0001,11.0,1.394173264503479,52.34375,1.5963760614395142,31.25
402,1.0,0.0001,21.0,1.1857093572616577,52.34375,1.4807209968566895,59.375
403,1.0,0.0001,31.0,0.9491443037986755,62.5,1.2389229536056519,58.59375
404,1.0,0.0001,41.0,1.087843656539917,53.125,1.0194164514541626,59.375
405,1.0,0.0001,51.0,0.9205400943756104,58.59375,0.8826605677604675,64.84375
406,1.0,0.0001,61.0,0.9205242991447449,59.375,0.941699743270874,57.8125
407,1.0,0.0001,71.0,0.8362764716148376,65.625,0.8405932784080505,64.0625
408,1.0,0.0001,81.0,0.920272171497345,62.5,0.767293393611908,68.75
409,1.0,0.0001,91.0,0.8612468838691711,67.1875,0.91523277759552,60.9375
410,1.0,0.0001,101.0,0.7649620175361633,67.1875,0.8562667965888977,62.5
411,1.0,0.0001,111.0,0.9063330292701721,65.625,0.7829055190086365,65.625
412,1.0,0.0001,121.0,0.8566386103630066,64.0625,0.8384138941764832,62.5
413,1.0,0.0001,131.0,0.7491334080696106,71.875,0.7316792011260986,69.53125
414,1.0,0.0001,141.0,0.9168028235435486,59.375,0.7983742356300354,66.40625
415,1.0,0.0001,151.0,0.8289618492126465,64.0625,0.7663437724113464,67.96875
416,1.0,0.0001,161.0,0.6727516055107117,71.875,0.809141218662262,61.71875
417,1.0,0.0001,171.0,0.7251878380775452,75.0,0.6795660257339478,71.875
418,1.0,0.0001,181.0,0.7830420136451721,68.75,0.6465489268302917,71.09375
419,1.0,0.0001,191.0,0.7429248690605164,69.53125,0.9182419180870056,60.9375
420,1.0,0.0001,201.0,0.6768460273742676,76.5625,0.856702983379364,67.1875
421,1.0,0.0001,211.0,0.7770564556121826,67.1875,0.721860945224762,68.75
422,1.0,0.0001,221.0,0.615416944026947,75.78125,0.7045296430587769,67.1875
423,1.0,0.0001,231.0,0.8054386973381042,65.625,0.7190119028091431,69.53125
424,1.0,0.0001,241.0,0.7365490198135376,72.65625,0.6964849233627319,67.1875
425,1.0,0.0001,251.0,0.6691161394119263,79.6875,0.6932522058486938,68.75
426,1.0,0.0001,261.0,0.8022122979164124,65.625,0.7692610621452332,64.84375
427,1.0,0.0001,271.0,0.759532630443573,71.875,0.7595146298408508,67.96875
428,1.0,0.0001,281.0,0.5746532678604126,76.5625,0.7523173093795776,69.53125
429,1.0,0.0001,291.0,0.6514964699745178,75.0,0.767911970615387,70.3125
430,1.0,0.0001,301.0,0.6740950345993042,71.09375,0.7433655261993408,71.875
431,1.0,0.0001,311.0,0.6519779562950134,73.4375,0.7921839952468872,67.96875
432,1.0,0.0001,321.0,0.7381367683410645,65.625,0.7195935249328613,70.3125
433,1.0,0.0001,331.0,0.6534845232963562,72.65625,0.8740094304084778,63.28125
434,1.0,0.0001,341.0,0.7162063121795654,70.3125,0.8268253207206726,63.28125
435,1.0,0.0001,351.0,0.7563000321388245,67.1875,0.6725797653198242,67.96875
436,1.0,0.0001,361.0,0.7843989729881287,67.1875,0.7705346941947937,60.15625
437,1.0,0.0001,371.0,0.6594435572624207,70.3125,0.66512531042099,69.53125
438,1.0,0.0001,381.0,0.6769050359725952,73.4375,0.7895342111587524,67.96875
439,1.0,0.0001,391.0,0.5220237374305725,82.8125,0.673949122428894,73.4375
440,1.0,0.0001,401.0,0.713055431842804,68.75,0.7102154493331909,72.65625
441,1.0,0.0001,411.0,0.66855388879776,73.4375,0.8535907864570618,65.625
442,1.0,0.0001,421.0,0.655479907989502,77.34375,0.732727587223053,71.875
443,1.0,0.0001,431.0,0.6986143589019775,71.875,0.7428857088088989,73.4375
444,1.0,0.0001,441.0,0.6493329405784607,77.34375,0.7629437446594238,67.1875
445,1.0,0.0001,451.0,0.6791635751724243,66.40625,0.6437810659408569,75.0
446,1.0,0.0001,461.0,0.6318179368972778,71.09375,0.7825127840042114,64.0625
447,1.0,0.0001,471.0,0.6413397789001465,70.3125,0.641055703163147,72.65625
448,1.0,0.0001,481.0,0.5736066699028015,75.78125,0.7423697710037231,67.96875
449,1.0,0.0001,491.0,0.6396850347518921,75.0,0.7320270538330078,66.40625
450,1.0,0.0001,501.0,0.6142116189002991,78.125,0.7902053594589233,64.84375
451,1.0,0.0001,511.0,0.6852656602859497,71.875,0.7831960320472717,64.84375
452,1.0,0.0001,521.0,0.6800545454025269,71.09375,0.6370742321014404,71.09375
453,1.0,0.0001,531.0,0.6639089584350586,71.09375,0.8217940330505371,69.53125
454,1.0,0.0001,541.0,0.5468669533729553,78.125,0.7794271111488342,68.75
455,1.0,0.0001,551.0,0.6364672780036926,74.21875,0.6987316012382507,75.0
456,1.0,0.0001,561.0,0.5242025256156921,78.90625,0.7123250365257263,75.0
457,1.0,0.0001,571.0,0.6460554599761963,73.4375,0.7950327396392822,64.84375
458,1.0,0.0001,581.0,0.5865447521209717,75.0,0.7456080913543701,69.53125
459,1.0,0.0001,591.0,0.6543970704078674,75.0,0.7513903379440308,65.625
460,1.0,0.0001,601.0,0.613688588142395,75.0,0.7044710516929626,72.65625
461,1.0,0.0001,611.0,0.5599913001060486,75.0,0.6723215579986572,72.65625
462,1.0,0.0001,621.0,0.6482436060905457,72.65625,0.7938261032104492,67.96875
463,1.0,0.0001,631.0,0.7296879887580872,72.65625,0.7843988537788391,65.625
464,1.0,0.0001,641.0,0.6712709069252014,78.90625,0.6546768546104431,75.78125
465,1.0,0.0001,651.0,0.627942681312561,76.5625,0.6696445941925049,76.5625
466,1.0,0.0001,661.0,0.7128545641899109,72.65625,0.7423794865608215,71.875
467,1.0,0.0001,671.0,0.701661229133606,68.75,0.6052892804145813,78.125
468,1.0,0.0001,681.0,0.6196200847625732,73.4375,0.7956093549728394,65.625
469,1.0,0.0001,691.0,0.5731979012489319,80.46875,0.6418901085853577,71.875
470,1.0,0.0001,701.0,0.615794837474823,78.125,0.7127174139022827,69.53125
471,1.0,0.0001,711.0,0.5203129053115845,77.34375,0.6131671071052551,72.65625
472,1.0,0.0001,721.0,0.5099827647209167,75.78125,0.8502477407455444,62.5
473,1.0,0.0001,731.0,0.6080042123794556,75.0,0.605216920375824,76.5625
474,1.0,0.0001,741.0,0.6104733943939209,75.0,0.8068230748176575,68.75
475,1.0,0.0001,751.0,0.5504757761955261,81.25,0.6518872380256653,73.4375
476,1.0,0.0001,761.0,0.5324998497962952,79.6875,0.627661943435669,71.875
477,1.0,0.0001,771.0,0.5314806699752808,77.34375,0.6792861819267273,71.09375
478,1.0,0.0001,781.0,0.6393304467201233,78.125,0.6585394740104675,72.65625
479,1.0,0.0001,791.0,0.6213017702102661,75.78125,0.6801207065582275,73.4375
480,1.0,0.0001,801.0,0.4145033061504364,88.28125,0.6026715636253357,76.5625
481,1.0,0.0001,811.0,0.5486443042755127,76.5625,0.797842800617218,65.625
482,1.0,0.0001,821.0,0.6659207344055176,74.21875,0.7094268202781677,71.09375
483,1.0,0.0001,831.0,0.445268839597702,82.03125,0.7464647889137268,71.875
484,1.0,0.0001,841.0,0.4920862317085266,82.8125,0.6880325078964233,73.4375
485,1.0,0.0001,851.0,0.6026856303215027,75.0,0.6615674495697021,75.0
486,1.0,0.0001,861.0,0.5193501114845276,81.25,0.6856840252876282,71.875
487,1.0,0.0001,871.0,0.4999886453151703,83.59375,0.6008861660957336,73.4375
488,1.0,0.0001,881.0,0.5805572271347046,76.5625,0.6308519840240479,72.65625
489,1.0,0.0001,891.0,0.4968217611312866,82.8125,0.6449816823005676,71.875
490,1.0,0.0001,901.0,0.5840750932693481,78.125,0.6853736042976379,68.75
491,1.0,0.0001,911.0,0.54923415184021,78.125,0.577498197555542,78.125
492,1.0,0.0001,921.0,0.4585757255554199,83.59375,0.801544725894928,64.84375
493,1.0,0.0001,931.0,0.5492687821388245,76.5625,0.7271009683609009,71.09375
494,1.0,0.0001,941.0,0.5789661407470703,79.6875,0.6342974901199341,73.4375
495,1.0,0.0001,951.0,0.4924955666065216,85.15625,0.6949546337127686,70.3125
496,1.0,0.0001,961.0,0.6251647472381592,72.65625,0.9167186617851257,57.8125
497,1.0,0.0001,971.0,0.543822169303894,79.6875,0.7656019330024719,67.1875
498,1.0,0.0001,981.0,0.5959379076957703,75.0,0.8637593388557434,66.40625
499,1.0,0.0001,991.0,0.5230051279067993,77.34375,0.5596206188201904,75.0
500,5.0,0.001,1.0,1.6327756643295288,14.0625,1.6247668266296387,21.09375
501,5.0,0.001,11.0,0.9746261835098267,67.96875,1.5737576484680176,18.75
502,5.0,0.001,21.0,0.8298361897468567,65.625,1.6826761960983276,20.3125
503,5.0,0.001,31.0,0.874239981174469,64.84375,2.586681604385376,25.78125
504,5.0,0.001,41.0,0.7915136814117432,71.09375,1.885448932647705,50.78125
505,5.0,0.001,51.0,0.8867080211639404,61.71875,7.443397045135498,22.65625
506,5.0,0.001,61.0,0.7872344851493835,69.53125,0.9853918552398682,60.9375
507,5.0,0.001,71.0,0.9099113941192627,60.9375,8.192850112915039,20.3125
508,5.0,0.001,81.0,0.8835849165916443,68.75,4.365170001983643,19.53125
509,5.0,0.001,91.0,0.7166827917098999,73.4375,1.5952848196029663,47.65625
510,5.0,0.001,101.0,0.9490240216255188,62.5,4.915841102600098,25.78125
511,5.0,0.001,111.0,0.6723147034645081,70.3125,5.214326858520508,21.875
512,5.0,0.001,121.0,0.7087553143501282,67.1875,1.3087654113769531,57.03125
513,5.0,0.001,131.0,0.69804847240448,71.875,1.8400870561599731,25.78125
514,5.0,0.001,141.0,0.7560857534408569,74.21875,0.92207270860672,58.59375
515,5.0,0.001,151.0,0.7746975421905518,65.625,12.942015647888184,21.09375
516,5.0,0.001,161.0,0.7375022172927856,68.75,0.8884814381599426,59.375
517,5.0,0.001,171.0,0.6510820388793945,78.125,1.4638864994049072,39.0625
518,5.0,0.001,181.0,0.6012284159660339,74.21875,2.2064247131347656,42.96875
519,5.0,0.001,191.0,0.6655333042144775,73.4375,0.7409825325012207,67.96875
520,5.0,0.001,201.0,0.6875647306442261,68.75,7.2403411865234375,23.4375
521,5.0,0.001,211.0,0.7053655982017517,71.875,1.2115448713302612,50.0
522,5.0,0.001,221.0,0.6491075754165649,72.65625,0.7390246987342834,67.1875
523,5.0,0.001,231.0,0.7341995239257812,64.84375,5.483678340911865,15.625
524,5.0,0.001,241.0,0.6975576281547546,66.40625,0.9753923416137695,60.15625
525,5.0,0.001,251.0,0.683694064617157,75.0,2.8641433715820312,25.0
526,5.0,0.001,261.0,0.6867806315422058,74.21875,3.758772134780884,23.4375
527,5.0,0.001,271.0,0.7721800208091736,66.40625,3.4843482971191406,24.21875
528,5.0,0.001,281.0,0.5679917335510254,78.125,0.7980014681816101,64.84375
529,5.0,0.001,291.0,0.7024837732315063,71.09375,1.107301950454712,55.46875
530,5.0,0.001,301.0,0.5397940874099731,81.25,1.5953173637390137,49.21875
531,5.0,0.001,311.0,0.5481851100921631,79.6875,1.129806637763977,46.09375
532,5.0,0.001,321.0,0.643060028553009,70.3125,7.803653717041016,21.875
533,5.0,0.001,331.0,0.5686584711074829,78.90625,3.354279041290283,28.90625
534,5.0,0.001,341.0,0.618541955947876,73.4375,1.7331398725509644,46.09375
535,5.0,0.001,351.0,0.6698387861251831,68.75,7.48561429977417,23.4375
536,5.0,0.001,361.0,0.6762738227844238,74.21875,0.7973580360412598,67.96875
537,5.0,0.001,371.0,0.525010347366333,80.46875,2.356612205505371,42.96875
538,5.0,0.001,381.0,0.5451092720031738,75.78125,1.5737318992614746,45.3125
539,5.0,0.001,391.0,0.5209449529647827,78.125,1.9869261980056763,39.0625
540,5.0,0.001,401.0,0.6367142796516418,77.34375,1.5122432708740234,39.0625
541,5.0,0.001,411.0,0.8623077273368835,64.0625,3.9793155193328857,37.5
542,5.0,0.001,421.0,0.4749174416065216,84.375,1.3966763019561768,43.75
543,5.0,0.001,431.0,0.645474910736084,76.5625,0.8027310967445374,68.75
544,5.0,0.001,441.0,0.6213985681533813,75.78125,1.4563608169555664,39.0625
545,5.0,0.001,451.0,0.6244993209838867,75.78125,0.763129711151123,67.1875
546,5.0,0.001,461.0,0.4918593764305115,77.34375,0.6569591164588928,69.53125
547,5.0,0.001,471.0,0.5747689604759216,74.21875,2.366366386413574,25.0
548,5.0,0.001,481.0,0.6511873602867126,74.21875,0.6034227013587952,72.65625
549,5.0,0.001,491.0,0.5400596857070923,78.125,1.0483367443084717,50.78125
550,5.0,0.001,501.0,0.508833110332489,78.90625,9.568912506103516,22.65625
551,5.0,0.001,511.0,0.5520951151847839,78.125,0.9953718185424805,56.25
552,5.0,0.001,521.0,0.5671712756156921,73.4375,1.4304286241531372,50.0
553,5.0,0.001,531.0,0.6341810822486877,74.21875,1.4729276895523071,48.4375
554,5.0,0.001,541.0,0.5727053880691528,78.125,0.7465420365333557,68.75
555,5.0,0.001,551.0,0.556537389755249,74.21875,2.0910212993621826,25.0
556,5.0,0.001,561.0,0.5178486108779907,78.125,1.2106646299362183,54.6875
557,5.0,0.001,571.0,0.57559734582901,78.125,0.7885290384292603,71.09375
558,5.0,0.001,581.0,0.6302531957626343,71.09375,1.4809433221817017,52.34375
559,5.0,0.001,591.0,0.4736020565032959,78.90625,2.297356367111206,27.34375
560,5.0,0.001,601.0,0.508193850517273,78.90625,2.863250494003296,36.71875
561,5.0,0.001,611.0,0.6142593026161194,71.09375,8.450923919677734,25.78125
562,5.0,0.001,621.0,0.5520754456520081,75.78125,0.747417151927948,66.40625
563,5.0,0.001,631.0,0.45844975113868713,79.6875,0.6764687299728394,70.3125
564,5.0,0.001,641.0,0.5035257339477539,83.59375,3.4989452362060547,35.15625
565,5.0,0.001,651.0,0.5580066442489624,78.125,1.7861652374267578,45.3125
566,5.0,0.001,661.0,0.6406949162483215,75.0,4.549098968505859,29.6875
567,5.0,0.001,671.0,0.45988187193870544,79.6875,1.7964444160461426,36.71875
568,5.0,0.001,681.0,0.4792839288711548,83.59375,0.8334958553314209,67.1875
569,5.0,0.001,691.0,0.577236533164978,75.0,1.3276443481445312,46.09375
570,5.0,0.001,701.0,0.4988190531730652,81.25,1.635673999786377,46.09375
571,5.0,0.001,711.0,0.5242416262626648,79.6875,0.9114339351654053,55.46875
572,5.0,0.001,721.0,0.5198363661766052,75.78125,2.8233442306518555,35.15625
573,5.0,0.001,731.0,0.4611573815345764,78.125,1.5390373468399048,53.90625
574,5.0,0.001,741.0,0.5928026437759399,74.21875,3.872049331665039,36.71875
575,5.0,0.001,751.0,0.47300633788108826,82.8125,0.9542483687400818,55.46875
576,5.0,0.001,761.0,0.5094478726387024,79.6875,1.8506990671157837,42.96875
577,5.0,0.001,771.0,0.5095237493515015,81.25,1.0336225032806396,54.6875
578,5.0,0.001,781.0,0.5558432340621948,76.5625,1.5491849184036255,46.875
579,5.0,0.001,791.0,0.5740719437599182,73.4375,1.1187496185302734,49.21875
580,5.0,0.001,801.0,0.6070030331611633,72.65625,0.8064181804656982,64.84375
581,5.0,0.001,811.0,0.4665353000164032,81.25,1.399841070175171,50.0
582,5.0,0.001,821.0,0.49503639340400696,78.125,3.4236671924591064,27.34375
583,5.0,0.001,831.0,0.49683675169944763,78.125,1.513902187347412,50.0
584,5.0,0.001,841.0,0.46457746624946594,81.25,0.980886697769165,60.15625
585,5.0,0.001,851.0,0.5257394909858704,75.78125,0.7916461229324341,64.0625
586,5.0,0.001,861.0,0.4777635931968689,78.125,2.398911952972412,40.625
587,5.0,0.001,871.0,0.4659305810928345,82.03125,0.7968683838844299,67.96875
588,5.0,0.001,881.0,0.3513936996459961,89.84375,1.2428926229476929,50.78125
589,5.0,0.001,891.0,0.4837186336517334,79.6875,0.7748075723648071,62.5
590,5.0,0.001,901.0,0.4490053355693817,81.25,0.8299075365066528,65.625
591,5.0,0.001,911.0,0.5025169253349304,82.8125,0.9105894565582275,62.5
592,5.0,0.001,921.0,0.399647980928421,80.46875,1.478308916091919,55.46875
593,5.0,0.001,931.0,0.4334345757961273,83.59375,1.7732821702957153,39.84375
594,5.0,0.001,941.0,0.42893943190574646,84.375,0.7188009023666382,67.1875
595,5.0,0.001,951.0,0.5161758661270142,77.34375,0.9343840479850769,64.0625
596,5.0,0.001,961.0,0.5954670906066895,73.4375,1.153404951095581,53.125
597,5.0,0.001,971.0,0.41378265619277954,87.5,3.43812894821167,36.71875
598,5.0,0.001,981.0,0.3631831407546997,85.9375,1.1951966285705566,57.03125
599,5.0,0.001,991.0,0.41192981600761414,87.5,0.9065288305282593,66.40625
600,1.0,0.001,1.0,1.616886854171753,23.4375,1.623361587524414,15.625
601,1.0,0.001,11.0,0.9832882881164551,59.375,1.4941520690917969,32.8125
602,1.0,0.001,21.0,0.9313979148864746,60.15625,1.2179542779922485,47.65625
603,1.0,0.001,31.0,0.8764930367469788,59.375,0.7718539237976074,71.09375
604,1.0,0.001,41.0,0.9002997279167175,66.40625,0.8597322702407837,63.28125
605,1.0,0.001,51.0,0.8300674557685852,67.1875,1.694767713546753,51.5625
606,1.0,0.001,61.0,0.6688242554664612,73.4375,0.8036789298057556,67.1875
607,1.0,0.001,71.0,0.773297131061554,67.96875,0.8905957341194153,60.9375
608,1.0,0.001,81.0,0.7474961876869202,72.65625,1.8734376430511475,42.1875
609,1.0,0.001,91.0,0.7135686874389648,69.53125,0.8565371036529541,64.0625
610,1.0,0.001,101.0,0.7598613500595093,68.75,0.6763458847999573,71.875
611,1.0,0.001,111.0,0.7162371277809143,70.3125,0.8648885488510132,70.3125
612,1.0,0.001,121.0,0.7370816469192505,67.1875,1.8057079315185547,45.3125
613,1.0,0.001,131.0,0.7874030470848083,68.75,0.8128279447555542,60.15625
614,1.0,0.001,141.0,0.6266036033630371,73.4375,0.8379806876182556,67.96875
615,1.0,0.001,151.0,0.7217838168144226,66.40625,2.4517319202423096,33.59375
616,1.0,0.001,161.0,0.7752242684364319,65.625,0.7649847269058228,69.53125
617,1.0,0.001,171.0,0.7767435908317566,64.0625,1.015694499015808,57.03125
618,1.0,0.001,181.0,0.6785927414894104,71.09375,0.8470677733421326,66.40625
619,1.0,0.001,191.0,0.6286230683326721,75.0,2.869462490081787,40.625
620,1.0,0.001,201.0,0.6647636294364929,70.3125,0.7668821811676025,69.53125
621,1.0,0.001,211.0,0.8211976885795593,64.84375,0.8675223588943481,63.28125
622,1.0,0.001,221.0,0.6582410931587219,71.875,0.8906314373016357,62.5
623,1.0,0.001,231.0,0.6919605135917664,75.78125,4.145261764526367,30.46875
624,1.0,0.001,241.0,0.6496872901916504,66.40625,0.9027515649795532,62.5
625,1.0,0.001,251.0,0.7263983488082886,71.09375,0.8344365954399109,63.28125
626,1.0,0.001,261.0,0.7052266001701355,77.34375,0.6906478404998779,71.875
627,1.0,0.001,271.0,0.86158287525177,59.375,1.9983805418014526,43.75
628,1.0,0.001,281.0,0.5751389861106873,78.90625,0.9164112210273743,57.8125
629,1.0,0.001,291.0,0.6701462268829346,73.4375,1.323276162147522,43.75
630,1.0,0.001,301.0,0.6577621102333069,68.75,0.7690370082855225,67.96875
631,1.0,0.001,311.0,0.6053643226623535,71.09375,0.9719918370246887,58.59375
632,1.0,0.001,321.0,0.5850507020950317,76.5625,0.7347553968429565,72.65625
633,1.0,0.001,331.0,0.627856433391571,73.4375,0.6323603391647339,73.4375
634,1.0,0.001,341.0,0.6748895049095154,73.4375,1.2805895805358887,50.0
635,1.0,0.001,351.0,0.5741567611694336,75.0,0.78608638048172,72.65625
636,1.0,0.001,361.0,0.5880677103996277,77.34375,0.7339032292366028,66.40625
637,1.0,0.001,371.0,0.7412052750587463,71.09375,4.561541557312012,22.65625
638,1.0,0.001,381.0,0.682481586933136,69.53125,0.822924017906189,66.40625
639,1.0,0.001,391.0,0.5755575895309448,74.21875,0.7170674800872803,67.1875
640,1.0,0.001,401.0,0.5886825323104858,79.6875,0.7141935229301453,68.75
641,1.0,0.001,411.0,0.5955179929733276,79.6875,0.7158103585243225,70.3125
642,1.0,0.001,421.0,0.6559391617774963,75.0,1.3856067657470703,51.5625
643,1.0,0.001,431.0,0.5665401816368103,78.125,0.8342097997665405,62.5
644,1.0,0.001,441.0,0.6206256747245789,75.78125,0.7664431929588318,71.09375
645,1.0,0.001,451.0,0.6688739061355591,73.4375,0.7596578598022461,68.75
646,1.0,0.001,461.0,0.6610916256904602,75.78125,0.7462625503540039,63.28125
647,1.0,0.001,471.0,0.6317102313041687,71.875,0.7340008616447449,68.75
648,1.0,0.001,481.0,0.6381569504737854,67.96875,0.6862500309944153,69.53125
649,1.0,0.001,491.0,0.6159475445747375,73.4375,0.6854107975959778,74.21875
650,1.0,0.001,501.0,0.6799740791320801,72.65625,0.9974634647369385,57.03125
651,1.0,0.001,511.0,0.46711820363998413,82.8125,0.8260576725006104,59.375
652,1.0,0.001,521.0,0.5790205597877502,81.25,1.10448157787323,51.5625
653,1.0,0.001,531.0,0.547724723815918,75.78125,0.7537912726402283,66.40625
654,1.0,0.001,541.0,0.6369419097900391,69.53125,0.815522313117981,65.625
655,1.0,0.001,551.0,0.579169750213623,75.0,0.9239786267280579,59.375
656,1.0,0.001,561.0,0.5672926902770996,78.90625,2.4355828762054443,41.40625
657,1.0,0.001,571.0,0.5710301399230957,79.6875,0.6935555338859558,64.84375
658,1.0,0.001,581.0,0.6803798675537109,70.3125,0.7711807489395142,62.5
659,1.0,0.001,591.0,0.4624582529067993,79.6875,0.8960854411125183,62.5
660,1.0,0.001,601.0,0.4863910675048828,79.6875,1.4278655052185059,54.6875
661,1.0,0.001,611.0,0.5254442691802979,76.5625,1.2101672887802124,56.25
662,1.0,0.001,621.0,0.5306409001350403,75.78125,0.7180485129356384,66.40625
663,1.0,0.001,631.0,0.53078293800354,79.6875,0.6669089794158936,71.09375
664,1.0,0.001,641.0,0.5279576182365417,79.6875,0.8918623924255371,62.5
665,1.0,0.001,651.0,0.5466903448104858,75.78125,0.8189646005630493,64.84375
666,1.0,0.001,661.0,0.47115716338157654,78.125,0.8794439435005188,64.84375
667,1.0,0.001,671.0,0.5425126552581787,80.46875,2.6165244579315186,35.9375
668,1.0,0.001,681.0,0.542339026927948,77.34375,1.5306460857391357,46.875
669,1.0,0.001,691.0,0.5015683174133301,82.03125,1.016167402267456,57.8125
670,1.0,0.001,701.0,0.48125237226486206,80.46875,0.982856035232544,64.0625
671,1.0,0.001,711.0,0.563569188117981,79.6875,0.8528790473937988,65.625
672,1.0,0.001,721.0,0.49215149879455566,82.03125,0.8191320896148682,64.0625
673,1.0,0.001,731.0,0.4109176993370056,82.8125,1.954963207244873,29.6875
674,1.0,0.001,741.0,0.49049100279808044,82.8125,0.8374431133270264,63.28125
675,1.0,0.001,751.0,0.6183448433876038,75.78125,0.6341986656188965,71.09375
676,1.0,0.001,761.0,0.45614269375801086,84.375,0.7325114607810974,67.1875
677,1.0,0.001,771.0,0.5611427426338196,73.4375,2.5187668800354004,35.9375
678,1.0,0.001,781.0,0.4759015142917633,79.6875,2.410085678100586,34.375
679,1.0,0.001,791.0,0.5362526178359985,76.5625,0.8690047264099121,63.28125
680,1.0,0.001,801.0,0.6274887323379517,72.65625,0.7077940702438354,67.1875
681,1.0,0.001,811.0,0.4621136784553528,80.46875,0.908313512802124,61.71875
682,1.0,0.001,821.0,0.4541417062282562,82.8125,1.625817060470581,45.3125
683,1.0,0.001,831.0,0.49798572063446045,81.25,0.9164376258850098,57.03125
684,1.0,0.001,841.0,0.4308789074420929,79.6875,0.7816615700721741,68.75
685,1.0,0.001,851.0,0.3826039731502533,87.5,1.1133246421813965,58.59375
686,1.0,0.001,861.0,0.46618038415908813,83.59375,0.9811474680900574,57.8125
687,1.0,0.001,871.0,0.4718506634235382,78.125,0.7407957315444946,69.53125
688,1.0,0.001,881.0,0.5019488334655762,84.375,1.2761300802230835,63.28125
689,1.0,0.001,891.0,0.4687657654285431,76.5625,0.9296624064445496,61.71875
690,1.0,0.001,901.0,0.5001627802848816,78.90625,1.2402174472808838,54.6875
691,1.0,0.001,911.0,0.4397960603237152,85.15625,0.9001608490943909,62.5
692,1.0,0.001,921.0,0.43833574652671814,80.46875,1.2474040985107422,62.5
693,1.0,0.001,931.0,0.42206040024757385,85.9375,0.9152532815933228,65.625
694,1.0,0.001,941.0,0.4914450943470001,78.90625,0.9929919242858887,59.375
695,1.0,0.001,951.0,0.5445398092269897,79.6875,0.5790534019470215,74.21875
696,1.0,0.001,961.0,0.427862286567688,83.59375,0.9956135153770447,61.71875
697,1.0,0.001,971.0,0.5473295450210571,76.5625,1.2438101768493652,57.8125
698,1.0,0.001,981.0,0.4399048984050751,81.25,0.7667051553726196,69.53125
699,1.0,0.001,991.0,0.42039793729782104,84.375,0.7825565338134766,67.96875
700,3.0,0.01,1.0,1.6432853937149048,11.71875,22.742372512817383,24.21875
701,3.0,0.01,11.0,1.4867202043533325,41.40625,6.646735191345215,24.21875
702,3.0,0.01,21.0,1.0709835290908813,57.8125,1.2235132455825806,40.625
703,3.0,0.01,31.0,0.9978675842285156,64.0625,1.0967401266098022,62.5
704,3.0,0.01,41.0,1.1850591897964478,53.90625,1.0638779401779175,57.8125
705,3.0,0.01,51.0,0.9079450368881226,62.5,0.9701752662658691,58.59375
706,3.0,0.01,61.0,1.0133322477340698,61.71875,1.3244353532791138,36.71875
707,3.0,0.01,71.0,1.0519531965255737,51.5625,1.260430097579956,40.625
708,3.0,0.01,81.0,0.936882734298706,59.375,0.7662889361381531,69.53125
709,3.0,0.01,91.0,0.8774247765541077,64.84375,0.9680325984954834,60.9375
710,3.0,0.01,101.0,0.920106828212738,59.375,0.8852400183677673,62.5
711,3.0,0.01,111.0,1.0041561126708984,57.03125,1.1590496301651,50.78125
712,3.0,0.01,121.0,0.8881291747093201,66.40625,0.9284668564796448,55.46875
713,3.0,0.01,131.0,0.7795577049255371,66.40625,1.2791733741760254,35.15625
714,3.0,0.01,141.0,0.8127031326293945,67.96875,1.3354625701904297,29.6875
715,3.0,0.01,151.0,0.7936172485351562,67.96875,1.1285406351089478,49.21875
716,3.0,0.01,161.0,0.889904260635376,60.9375,0.7213663458824158,67.96875
717,3.0,0.01,171.0,0.8007465600967407,67.1875,0.9069048762321472,65.625
718,3.0,0.01,181.0,0.9679062962532043,57.03125,0.9371737837791443,52.34375
719,3.0,0.01,191.0,0.923103392124176,60.9375,0.721172571182251,71.09375
720,3.0,0.01,201.0,0.7946678400039673,64.0625,0.8296405673027039,68.75
721,3.0,0.01,211.0,0.8503281474113464,61.71875,1.0181549787521362,56.25
722,3.0,0.01,221.0,0.8503679037094116,64.0625,0.9975699782371521,53.125
723,3.0,0.01,231.0,0.928260862827301,54.6875,0.9102923274040222,58.59375
724,3.0,0.01,241.0,0.8464298248291016,67.96875,0.8722110986709595,57.8125
725,3.0,0.01,251.0,0.7785409092903137,67.1875,1.548132300376892,18.75
726,3.0,0.01,261.0,0.8549937009811401,62.5,0.8379961252212524,65.625
727,3.0,0.01,271.0,0.8744125366210938,60.15625,0.7969080209732056,64.0625
728,3.0,0.01,281.0,0.7274888157844543,69.53125,0.7674940824508667,67.96875
729,3.0,0.01,291.0,0.8653925061225891,62.5,1.6165237426757812,33.59375
730,3.0,0.01,301.0,0.8056755065917969,60.15625,1.2437517642974854,35.9375
731,3.0,0.01,311.0,0.7772043347358704,70.3125,0.9795829653739929,58.59375
732,3.0,0.01,321.0,0.6805559396743774,71.09375,0.7953253388404846,67.1875
733,3.0,0.01,331.0,0.8108242154121399,64.0625,1.0455554723739624,50.78125
734,3.0,0.01,341.0,0.7801060080528259,62.5,1.164214015007019,50.78125
735,3.0,0.01,351.0,0.7577642202377319,71.09375,1.503810167312622,28.90625
736,3.0,0.01,361.0,0.8148916363716125,66.40625,0.9117211103439331,52.34375
737,3.0,0.01,371.0,0.7771533131599426,69.53125,0.8665023446083069,64.84375
738,3.0,0.01,381.0,0.742462694644928,71.875,0.6660429835319519,75.0
739,3.0,0.01,391.0,0.7359717488288879,67.96875,0.7687711119651794,65.625
740,3.0,0.01,401.0,0.7151229977607727,67.96875,0.7928031086921692,63.28125
741,3.0,0.01,411.0,0.7825668454170227,71.875,0.7957383990287781,61.71875
742,3.0,0.01,421.0,0.7089970707893372,74.21875,1.326383113861084,39.0625
743,3.0,0.01,431.0,0.6982483267784119,65.625,1.507651925086975,28.125
744,3.0,0.01,441.0,0.8243650794029236,67.1875,1.6901179552078247,37.5
745,3.0,0.01,451.0,0.7360578179359436,73.4375,2.3069968223571777,34.375
746,3.0,0.01,461.0,0.756793737411499,67.96875,0.896293044090271,57.8125
747,3.0,0.01,471.0,0.7794777154922485,67.96875,0.9436049461364746,60.15625
748,3.0,0.01,481.0,0.6606873273849487,68.75,1.171570062637329,39.84375
749,3.0,0.01,491.0,0.7247366905212402,67.96875,1.4280974864959717,42.1875
750,3.0,0.01,501.0,0.819074273109436,60.15625,0.8829374313354492,61.71875
751,3.0,0.01,511.0,0.7602245807647705,59.375,0.7859184741973877,70.3125
752,3.0,0.01,521.0,0.7058552503585815,66.40625,0.7415682673454285,66.40625
753,3.0,0.01,531.0,0.7577158808708191,67.1875,0.7163293361663818,70.3125
754,3.0,0.01,541.0,0.7825047373771667,67.96875,1.3088887929916382,46.875
755,3.0,0.01,551.0,0.6707316637039185,75.0,1.4456472396850586,30.46875
756,3.0,0.01,561.0,0.7898461222648621,65.625,1.1438428163528442,46.09375
757,3.0,0.01,571.0,0.7658135890960693,67.1875,0.7886780500411987,64.84375
758,3.0,0.01,581.0,0.7558382749557495,62.5,1.2745283842086792,42.96875
759,3.0,0.01,591.0,0.6697067618370056,71.875,2.0214779376983643,17.96875
760,3.0,0.01,601.0,0.7277771234512329,72.65625,0.7567506432533264,69.53125
761,3.0,0.01,611.0,0.6417407393455505,73.4375,0.8490298986434937,64.84375
762,3.0,0.01,621.0,0.730658769607544,67.1875,1.2409677505493164,38.28125
763,3.0,0.01,631.0,0.7364730834960938,69.53125,1.2702357769012451,57.03125
764,3.0,0.01,641.0,0.692337691783905,68.75,0.8842424750328064,60.9375
765,3.0,0.01,651.0,0.7034119963645935,71.875,0.7112557888031006,70.3125
766,3.0,0.01,661.0,0.8169265389442444,62.5,1.2954881191253662,56.25
767,3.0,0.01,671.0,0.7442917823791504,65.625,2.0738699436187744,21.875
768,3.0,0.01,681.0,0.7011191844940186,69.53125,0.8933018445968628,64.0625
769,3.0,0.01,691.0,0.6717742681503296,64.0625,0.8519393801689148,64.0625
770,3.0,0.01,701.0,0.6849654912948608,76.5625,1.8087265491485596,22.65625
771,3.0,0.01,711.0,0.7530869245529175,64.84375,0.9679411053657532,67.1875
772,3.0,0.01,721.0,0.743888795375824,67.1875,0.6845301389694214,67.96875
773,3.0,0.01,731.0,0.7833770513534546,67.96875,0.7462767958641052,68.75
774,3.0,0.01,741.0,0.6801553964614868,71.09375,1.1749320030212402,43.75
775,3.0,0.01,751.0,0.6409308910369873,70.3125,0.9869099855422974,55.46875
776,3.0,0.01,761.0,0.6448436379432678,75.78125,0.7961651086807251,61.71875
777,3.0,0.01,771.0,0.6572378277778625,71.875,0.6679263114929199,74.21875
778,3.0,0.01,781.0,0.632289469242096,70.3125,0.8025986552238464,70.3125
779,3.0,0.01,791.0,0.7298797965049744,62.5,0.7462354302406311,64.84375
780,3.0,0.01,801.0,0.6890897154808044,71.875,0.9896138906478882,57.03125
781,3.0,0.01,811.0,0.6760551333427429,74.21875,0.7244594097137451,67.1875
782,3.0,0.01,821.0,0.692358136177063,72.65625,2.0477192401885986,27.34375
783,3.0,0.01,831.0,0.751037061214447,61.71875,0.7772279381752014,69.53125
784,3.0,0.01,841.0,0.6645714640617371,70.3125,0.8075762987136841,63.28125
785,3.0,0.01,851.0,0.7120147943496704,67.96875,1.6568235158920288,31.25
786,3.0,0.01,861.0,0.6429121494293213,74.21875,0.7943334579467773,65.625
787,3.0,0.01,871.0,0.6767587065696716,68.75,0.7914418578147888,60.9375
788,3.0,0.01,881.0,0.6510521769523621,66.40625,0.8153809905052185,61.71875
789,3.0,0.01,891.0,0.8195804953575134,64.0625,0.7691599726676941,66.40625
790,3.0,0.01,901.0,0.7309090495109558,73.4375,0.8964966535568237,60.9375
791,3.0,0.01,911.0,0.6776715517044067,73.4375,0.8582797050476074,65.625
792,3.0,0.01,921.0,0.7638887763023376,69.53125,1.3177480697631836,47.65625
793,3.0,0.01,931.0,0.9533426761627197,64.0625,0.7812592387199402,67.1875
794,3.0,0.01,941.0,0.7514209747314453,62.5,0.6878377795219421,66.40625
795,3.0,0.01,951.0,0.6733954548835754,69.53125,1.8139525651931763,35.9375
796,3.0,0.01,961.0,0.6319790482521057,67.96875,1.494280457496643,44.53125
797,3.0,0.01,971.0,0.7225409746170044,74.21875,0.8506433367729187,59.375
798,3.0,0.01,981.0,0.70815110206604,70.3125,0.7400067448616028,73.4375
799,3.0,0.01,991.0,0.6122233867645264,78.125,0.980687141418457,60.15625
800,1.0,0.001,1.0,1.6178685426712036,21.09375,1.6207659244537354,23.4375
801,1.0,0.001,11.0,0.9642494320869446,60.15625,1.5276819467544556,32.8125
802,1.0,0.001,21.0,0.9316791296005249,61.71875,1.1036620140075684,62.5
803,1.0,0.001,31.0,1.0069282054901123,56.25,0.9797098636627197,59.375
804,1.0,0.001,41.0,0.8809708952903748,63.28125,0.9196814298629761,64.0625
805,1.0,0.001,51.0,0.7617944478988647,70.3125,0.8719877004623413,64.84375
806,1.0,0.001,61.0,0.919451117515564,59.375,2.0670154094696045,41.40625
807,1.0,0.001,71.0,0.876227617263794,64.0625,1.0499353408813477,53.125
808,1.0,0.001,81.0,0.9315075874328613,57.8125,0.9045484066009521,60.15625
809,1.0,0.001,91.0,0.8412225246429443,66.40625,1.0174678564071655,53.90625
810,1.0,0.001,101.0,0.7066552639007568,67.96875,0.8337479829788208,64.84375
811,1.0,0.001,111.0,0.6610494256019592,69.53125,0.8067030906677246,65.625
812,1.0,0.001,121.0,0.7573378682136536,70.3125,0.8460500240325928,67.96875
813,1.0,0.001,131.0,0.7904428243637085,67.96875,0.7327146530151367,68.75
814,1.0,0.001,141.0,0.7954656481742859,66.40625,0.8535311818122864,64.84375
815,1.0,0.001,151.0,0.578312337398529,79.6875,0.8578500151634216,66.40625
816,1.0,0.001,161.0,0.7761067152023315,60.15625,0.9951255321502686,60.9375
817,1.0,0.001,171.0,0.6651493906974792,70.3125,0.7561878561973572,67.96875
818,1.0,0.001,181.0,0.924917459487915,59.375,0.7612202167510986,70.3125
819,1.0,0.001,191.0,0.7346229553222656,66.40625,0.8351156711578369,68.75
820,1.0,0.001,201.0,0.7177055478096008,71.09375,1.6026222705841064,41.40625
821,1.0,0.001,211.0,0.8010990619659424,65.625,1.011790156364441,59.375
822,1.0,0.001,221.0,0.6976380348205566,71.875,0.9647219181060791,59.375
823,1.0,0.001,231.0,0.6782994270324707,75.78125,1.5111531019210815,50.0
824,1.0,0.001,241.0,0.6502583026885986,71.875,0.8319621682167053,71.09375
825,1.0,0.001,251.0,0.726219892501831,73.4375,0.8002955317497253,63.28125
826,1.0,0.001,261.0,0.7239294648170471,71.875,0.7112647294998169,64.84375
827,1.0,0.001,271.0,0.5624443888664246,76.5625,0.6179128289222717,73.4375
828,1.0,0.001,281.0,0.6898557543754578,75.0,0.7194072604179382,69.53125
829,1.0,0.001,291.0,0.6948291659355164,75.78125,1.2830700874328613,53.90625
830,1.0,0.001,301.0,0.7125239968299866,70.3125,0.7351310849189758,65.625
831,1.0,0.001,311.0,0.8248900175094604,60.9375,0.8302666544914246,64.0625
832,1.0,0.001,321.0,0.5979101657867432,75.78125,0.810426652431488,68.75
833,1.0,0.001,331.0,0.7177760004997253,75.78125,0.9930363893508911,57.03125
834,1.0,0.001,341.0,0.7170255780220032,70.3125,0.7427204847335815,71.09375
835,1.0,0.001,351.0,0.5841706991195679,75.0,0.7249435782432556,67.1875
836,1.0,0.001,361.0,0.5831762552261353,73.4375,1.2153507471084595,57.03125
837,1.0,0.001,371.0,0.6892986297607422,71.09375,0.7639892101287842,66.40625
838,1.0,0.001,381.0,0.5538862347602844,72.65625,0.8906526565551758,64.84375
839,1.0,0.001,391.0,0.5578127503395081,78.125,0.7403779625892639,69.53125
840,1.0,0.001,401.0,0.6396333575248718,72.65625,0.9484879970550537,60.9375
841,1.0,0.001,411.0,0.6986684799194336,71.875,0.8182843327522278,64.84375
842,1.0,0.001,421.0,0.5621351003646851,75.78125,0.7344661951065063,64.84375
843,1.0,0.001,431.0,0.6258138418197632,69.53125,1.5208250284194946,48.4375
844,1.0,0.001,441.0,0.7324188351631165,65.625,0.9021334648132324,63.28125
845,1.0,0.001,451.0,0.5702338814735413,73.4375,0.8443342447280884,66.40625
846,1.0,0.001,461.0,0.7251859903335571,73.4375,0.7464797496795654,68.75
847,1.0,0.001,471.0,0.6595743298530579,70.3125,1.305851936340332,51.5625
848,1.0,0.001,481.0,0.5724309086799622,78.90625,1.3610085248947144,52.34375
849,1.0,0.001,491.0,0.7079895734786987,72.65625,0.8772832751274109,64.84375
850,1.0,0.001,501.0,0.5757438540458679,79.6875,1.3347316980361938,43.75
851,1.0,0.001,511.0,0.6084199547767639,74.21875,0.8317866325378418,67.96875
852,1.0,0.001,521.0,0.5975505709648132,71.875,0.7662380933761597,67.1875
853,1.0,0.001,531.0,0.5829935669898987,77.34375,1.7447950839996338,41.40625
854,1.0,0.001,541.0,0.564946174621582,75.78125,0.6590070128440857,74.21875
855,1.0,0.001,551.0,0.4517871141433716,82.8125,0.5527419447898865,76.5625
856,1.0,0.001,561.0,0.5086446404457092,78.125,0.652821958065033,68.75
857,1.0,0.001,571.0,0.6794633865356445,70.3125,1.7299227714538574,40.625
858,1.0,0.001,581.0,0.5704968571662903,75.78125,0.8372583389282227,63.28125
859,1.0,0.001,591.0,0.6597744226455688,70.3125,0.7153282761573792,65.625
860,1.0,0.001,601.0,0.6019473075866699,74.21875,0.8048489689826965,56.25
861,1.0,0.001,611.0,0.6533868312835693,75.0,1.019997239112854,61.71875
862,1.0,0.001,621.0,0.6099536418914795,72.65625,1.077520728111267,53.90625
863,1.0,0.001,631.0,0.5451868176460266,78.90625,0.6058547496795654,74.21875
864,1.0,0.001,641.0,0.5625625848770142,76.5625,0.6592238545417786,72.65625
865,1.0,0.001,651.0,0.4248866140842438,84.375,0.5778002738952637,75.0
866,1.0,0.001,661.0,0.6243088245391846,75.78125,0.9044033288955688,62.5
867,1.0,0.001,671.0,0.599415123462677,76.5625,0.8276256918907166,68.75
868,1.0,0.001,681.0,0.5133786201477051,78.125,0.7262248396873474,68.75
869,1.0,0.001,691.0,0.5280710458755493,75.78125,0.5855935215950012,78.90625
870,1.0,0.001,701.0,0.4658801853656769,84.375,0.625822126865387,75.0
871,1.0,0.001,711.0,0.5509346723556519,80.46875,1.1510629653930664,53.90625
872,1.0,0.001,721.0,0.5824679732322693,80.46875,0.8675020337104797,58.59375
873,1.0,0.001,731.0,0.4969519376754761,78.90625,1.7629579305648804,42.96875
874,1.0,0.001,741.0,0.43911901116371155,84.375,0.9765609502792358,64.0625
875,1.0,0.001,751.0,0.5985603332519531,81.25,0.8402571678161621,69.53125
876,1.0,0.001,761.0,0.4716787338256836,84.375,0.7773314714431763,71.09375
877,1.0,0.001,771.0,0.4569210112094879,78.125,0.7077081799507141,69.53125
878,1.0,0.001,781.0,0.5482245683670044,78.125,1.5478737354278564,52.34375
879,1.0,0.001,791.0,0.4435923397541046,81.25,0.9069288969039917,60.15625
880,1.0,0.001,801.0,0.5314985513687134,78.90625,0.740443229675293,70.3125
881,1.0,0.001,811.0,0.5178731679916382,75.78125,0.7351714372634888,70.3125
882,1.0,0.001,821.0,0.5375609993934631,77.34375,0.6752443313598633,70.3125
883,1.0,0.001,831.0,0.5163736939430237,84.375,4.3609185218811035,24.21875
884,1.0,0.001,841.0,0.6004362106323242,78.125,0.9488065242767334,60.15625
885,1.0,0.001,851.0,0.6043781042098999,75.0,1.2649505138397217,55.46875
886,1.0,0.001,861.0,0.5564635992050171,73.4375,0.954825758934021,60.9375
887,1.0,0.001,871.0,0.4689735472202301,80.46875,0.8681411743164062,65.625
888,1.0,0.001,881.0,0.6150540113449097,73.4375,0.9152854681015015,61.71875
889,1.0,0.001,891.0,0.49923235177993774,78.125,1.0076510906219482,60.15625
890,1.0,0.001,901.0,0.4799041152000427,80.46875,0.7307703495025635,68.75
891,1.0,0.001,911.0,0.46629244089126587,83.59375,0.6586402058601379,73.4375
892,1.0,0.001,921.0,0.5444225072860718,77.34375,0.7939524054527283,65.625
893,1.0,0.001,931.0,0.42824676632881165,81.25,0.9560196399688721,69.53125
894,1.0,0.001,941.0,0.5256744623184204,82.8125,1.094544529914856,62.5
895,1.0,0.001,951.0,0.5494022369384766,74.21875,0.7968800067901611,63.28125
896,1.0,0.001,961.0,0.661961019039154,71.875,0.6202707886695862,73.4375
897,1.0,0.001,971.0,0.4887295365333557,80.46875,0.8134238719940186,70.3125
898,1.0,0.001,981.0,0.456758052110672,81.25,0.7353724241256714,72.65625
899,1.0,0.001,991.0,0.5404976010322571,77.34375,0.8490540385246277,66.40625
900,1.0,1e-05,1.0,1.6608295440673828,17.96875,1.605401635169983,21.09375
901,1.0,1e-05,11.0,1.586822748184204,21.875,1.6165850162506104,18.75
902,1.0,1e-05,21.0,1.5631667375564575,19.53125,1.6089128255844116,21.09375
903,1.0,1e-05,31.0,1.530458688735962,32.03125,1.5926964282989502,22.65625
904,1.0,1e-05,41.0,1.480326533317566,42.96875,1.5149180889129639,45.3125
905,1.0,1e-05,51.0,1.4668359756469727,50.78125,1.4662885665893555,50.0
906,1.0,1e-05,61.0,1.4242712259292603,47.65625,1.4277747869491577,55.46875
907,1.0,1e-05,71.0,1.3855137825012207,53.125,1.3825485706329346,52.34375
908,1.0,1e-05,81.0,1.3440216779708862,55.46875,1.341786503791809,55.46875
909,1.0,1e-05,91.0,1.2432634830474854,67.1875,1.2832024097442627,65.625
910,1.0,1e-05,101.0,1.2761138677597046,57.8125,1.2597459554672241,61.71875
911,1.0,1e-05,111.0,1.2431156635284424,50.78125,1.1993705034255981,58.59375
912,1.0,1e-05,121.0,1.2220736742019653,62.5,1.1811350584030151,59.375
913,1.0,1e-05,131.0,1.2262424230575562,57.8125,1.1676734685897827,56.25
914,1.0,1e-05,141.0,1.1180164813995361,61.71875,1.1467851400375366,56.25
915,1.0,1e-05,151.0,1.1665542125701904,58.59375,1.1446962356567383,55.46875
916,1.0,1e-05,161.0,1.0901700258255005,58.59375,1.1105015277862549,60.15625
917,1.0,1e-05,171.0,1.1242344379425049,57.8125,1.0718929767608643,62.5
918,1.0,1e-05,181.0,1.1003979444503784,58.59375,1.1050668954849243,61.71875
919,1.0,1e-05,191.0,1.0782650709152222,60.15625,1.0419310331344604,63.28125
920,1.0,1e-05,201.0,1.1215111017227173,57.8125,1.021401047706604,65.625
921,1.0,1e-05,211.0,1.064980149269104,59.375,1.0142799615859985,57.8125
922,1.0,1e-05,221.0,1.068237066268921,56.25,1.0651041269302368,64.84375
923,1.0,1e-05,231.0,0.9882498979568481,60.15625,0.9235259294509888,69.53125
924,1.0,1e-05,241.0,0.9081974029541016,63.28125,1.058189868927002,58.59375
925,1.0,1e-05,251.0,0.9708962440490723,68.75,1.0030747652053833,60.9375
926,1.0,1e-05,261.0,0.9577338099479675,68.75,0.9178754091262817,65.625
927,1.0,1e-05,271.0,0.9375488758087158,62.5,0.9959591031074524,58.59375
928,1.0,1e-05,281.0,1.066908597946167,57.8125,0.9452349543571472,63.28125
929,1.0,1e-05,291.0,0.9535777568817139,62.5,0.8942530751228333,68.75
930,1.0,1e-05,301.0,0.9553724527359009,64.84375,0.9302446842193604,63.28125
931,1.0,1e-05,311.0,0.9934121370315552,65.625,0.9500277638435364,60.9375
932,1.0,1e-05,321.0,1.0049456357955933,62.5,0.894766092300415,64.84375
933,1.0,1e-05,331.0,0.9809412360191345,63.28125,0.889187753200531,63.28125
934,1.0,1e-05,341.0,0.8981809020042419,65.625,0.9465625882148743,61.71875
935,1.0,1e-05,351.0,1.0178173780441284,53.90625,0.8547412157058716,67.96875
936,1.0,1e-05,361.0,0.9007038474082947,61.71875,0.8794745802879333,63.28125
937,1.0,1e-05,371.0,0.9709185361862183,60.9375,0.8471317291259766,67.1875
938,1.0,1e-05,381.0,0.8863882422447205,69.53125,0.8726090788841248,64.0625
939,1.0,1e-05,391.0,1.0558301210403442,60.9375,0.9467074871063232,62.5
940,1.0,1e-05,401.0,0.9750843644142151,62.5,1.006012201309204,58.59375
941,1.0,1e-05,411.0,1.0011603832244873,54.6875,0.909920871257782,60.9375
942,1.0,1e-05,421.0,0.9438653588294983,61.71875,0.9200462698936462,58.59375
943,1.0,1e-05,431.0,0.9762020707130432,57.8125,0.8801190853118896,64.0625
944,1.0,1e-05,441.0,0.9350756406784058,65.625,0.9685662388801575,60.15625
945,1.0,1e-05,451.0,0.9065982699394226,68.75,0.9371569752693176,60.15625
946,1.0,1e-05,461.0,0.9534292221069336,57.8125,0.7784749865531921,66.40625
947,1.0,1e-05,471.0,0.8235902786254883,68.75,0.910642147064209,62.5
948,1.0,1e-05,481.0,0.8514269590377808,67.1875,0.8949286937713623,57.8125
949,1.0,1e-05,491.0,0.9026361703872681,63.28125,0.8101547956466675,65.625
950,1.0,1e-05,501.0,0.8987323045730591,63.28125,0.8490381836891174,70.3125
951,1.0,1e-05,511.0,0.7904232740402222,69.53125,0.9406882524490356,60.15625
952,1.0,1e-05,521.0,0.9704393148422241,55.46875,0.7788593173027039,69.53125
953,1.0,1e-05,531.0,0.9282766580581665,63.28125,0.8871670365333557,60.15625
954,1.0,1e-05,541.0,0.6990368366241455,71.875,0.8799301981925964,61.71875
955,1.0,1e-05,551.0,0.891550600528717,65.625,0.8347365260124207,68.75
956,1.0,1e-05,561.0,0.85288405418396,64.0625,0.9747178554534912,57.8125
957,1.0,1e-05,571.0,0.9067818522453308,63.28125,0.7847716212272644,66.40625
958,1.0,1e-05,581.0,0.6907371878623962,75.0,0.8337193727493286,60.9375
959,1.0,1e-05,591.0,0.8649006485939026,67.96875,0.7770723104476929,65.625
960,1.0,1e-05,601.0,0.9771003723144531,60.9375,0.9013981819152832,65.625
961,1.0,1e-05,611.0,0.9321920871734619,61.71875,0.8177151083946228,66.40625
962,1.0,1e-05,621.0,0.7317628860473633,72.65625,0.8186384439468384,66.40625
963,1.0,1e-05,631.0,0.9688417911529541,60.15625,0.8506218194961548,57.8125
964,1.0,1e-05,641.0,0.6924816370010376,71.875,0.7962408065795898,67.1875
965,1.0,1e-05,651.0,0.7711683511734009,71.875,0.9516164064407349,65.625
966,1.0,1e-05,661.0,0.8469272255897522,65.625,0.8582742810249329,64.0625
967,1.0,1e-05,671.0,0.8097057342529297,64.84375,0.9193164110183716,60.15625
968,1.0,1e-05,681.0,0.7993283271789551,67.96875,0.8046660423278809,64.0625
969,1.0,1e-05,691.0,0.9543195366859436,59.375,0.7689897418022156,66.40625
970,1.0,1e-05,701.0,0.9390004873275757,65.625,0.8340549468994141,62.5
971,1.0,1e-05,711.0,0.8536913990974426,63.28125,0.8134520649909973,66.40625
972,1.0,1e-05,721.0,0.9690915942192078,60.15625,0.8122546076774597,63.28125
973,1.0,1e-05,731.0,0.6884235739707947,78.90625,0.8177412748336792,64.0625
974,1.0,1e-05,741.0,0.8737711310386658,67.1875,0.7494482398033142,66.40625
975,1.0,1e-05,751.0,0.8757381439208984,69.53125,0.800586998462677,65.625
976,1.0,1e-05,761.0,0.8159283995628357,68.75,0.786504328250885,64.0625
977,1.0,1e-05,771.0,0.7498199939727783,72.65625,0.7125245332717896,71.09375
978,1.0,1e-05,781.0,0.8486917614936829,66.40625,0.9209095239639282,61.71875
979,1.0,1e-05,791.0,0.7581501007080078,69.53125,0.9063916802406311,62.5
980,1.0,1e-05,801.0,0.860987663269043,66.40625,0.7235771417617798,73.4375
981,1.0,1e-05,811.0,0.8788686990737915,62.5,0.7877007722854614,62.5
982,1.0,1e-05,821.0,0.9935262203216553,60.15625,0.8004852533340454,65.625
983,1.0,1e-05,831.0,0.8415648341178894,66.40625,0.7837088704109192,71.09375
984,1.0,1e-05,841.0,0.8811911344528198,64.84375,0.8796442151069641,57.8125
985,1.0,1e-05,851.0,0.932729959487915,62.5,0.7568782567977905,71.875
986,1.0,1e-05,861.0,0.8024837970733643,67.96875,0.8026832342147827,70.3125
987,1.0,1e-05,871.0,0.7455999851226807,67.96875,0.8627833127975464,66.40625
988,1.0,1e-05,881.0,0.7109676599502563,75.78125,0.8537613153457642,63.28125
989,1.0,1e-05,891.0,0.8192923069000244,70.3125,0.7086127996444702,72.65625
990,1.0,1e-05,901.0,0.7556687593460083,69.53125,0.7225740551948547,72.65625
991,1.0,1e-05,911.0,0.8725787401199341,67.1875,0.8155446648597717,62.5
992,1.0,1e-05,921.0,0.837594211101532,65.625,0.7924405932426453,72.65625
993,1.0,1e-05,931.0,0.7303001284599304,67.96875,0.7715494632720947,67.96875
994,1.0,1e-05,941.0,0.7816237211227417,66.40625,0.7775624394416809,68.75
995,1.0,1e-05,951.0,0.8256247043609619,67.1875,0.8148794174194336,69.53125
996,1.0,1e-05,961.0,0.8662171363830566,61.71875,0.7481729388237,67.1875
997,1.0,1e-05,971.0,0.973957896232605,59.375,0.7908674478530884,67.1875
998,1.0,1e-05,981.0,0.7654871940612793,66.40625,0.7189851999282837,70.3125
999,1.0,1e-05,991.0,0.7179940938949585,71.875,0.7833304405212402,68.75
1000,5.0,0.0001,1.0,1.5960755348205566,24.21875,1.6124579906463623,20.3125
1001,5.0,0.0001,11.0,1.3268320560455322,53.90625,1.6008833646774292,25.78125
1002,5.0,0.0001,21.0,1.0464445352554321,61.71875,1.434363603591919,66.40625
1003,5.0,0.0001,31.0,1.0482678413391113,60.15625,1.1121187210083008,61.71875
1004,5.0,0.0001,41.0,1.0161502361297607,61.71875,1.1116224527359009,53.125
1005,5.0,0.0001,51.0,0.8241613507270813,64.0625,0.9025722742080688,69.53125
1006,5.0,0.0001,61.0,0.7925673723220825,65.625,0.8438599109649658,61.71875
1007,5.0,0.0001,71.0,0.8741190433502197,63.28125,0.9557820558547974,56.25
1008,5.0,0.0001,81.0,0.7110042572021484,71.875,1.2071163654327393,53.90625
1009,5.0,0.0001,91.0,0.9058759808540344,61.71875,0.7066057920455933,72.65625
1010,5.0,0.0001,101.0,0.7632384300231934,70.3125,0.89336097240448,60.15625
1011,5.0,0.0001,111.0,0.7824304103851318,71.875,0.8278970122337341,69.53125
1012,5.0,0.0001,121.0,0.878497838973999,64.0625,0.8677409887313843,61.71875
1013,5.0,0.0001,131.0,0.7531752586364746,69.53125,1.0180549621582031,63.28125
1014,5.0,0.0001,141.0,0.745410144329071,71.09375,0.7414456009864807,67.1875
1015,5.0,0.0001,151.0,0.7621422410011292,69.53125,0.9862921237945557,60.15625
1016,5.0,0.0001,161.0,0.6281543970108032,78.125,0.911238431930542,59.375
1017,5.0,0.0001,171.0,0.7343108057975769,71.09375,0.8450800776481628,61.71875
1018,5.0,0.0001,181.0,0.6837073564529419,74.21875,0.7651737928390503,67.96875
1019,5.0,0.0001,191.0,0.6755698323249817,72.65625,0.7709296345710754,67.96875
1020,5.0,0.0001,201.0,0.7067643404006958,68.75,0.7661681771278381,70.3125
1021,5.0,0.0001,211.0,0.7031363844871521,71.875,1.2879698276519775,52.34375
1022,5.0,0.0001,221.0,0.7123544216156006,72.65625,0.7706300020217896,67.96875
1023,5.0,0.0001,231.0,0.8126475811004639,71.09375,0.7353290915489197,69.53125
1024,5.0,0.0001,241.0,0.806589663028717,67.96875,0.8298370242118835,67.1875
1025,5.0,0.0001,251.0,0.6320891976356506,76.5625,0.8240841031074524,65.625
1026,5.0,0.0001,261.0,0.7579052448272705,64.0625,0.753078043460846,67.1875
1027,5.0,0.0001,271.0,0.6277045011520386,73.4375,0.6960561275482178,75.78125
1028,5.0,0.0001,281.0,0.8012909889221191,65.625,1.1016974449157715,55.46875
1029,5.0,0.0001,291.0,0.6152794361114502,77.34375,0.6847620010375977,71.09375
1030,5.0,0.0001,301.0,0.7092925310134888,74.21875,0.7491489052772522,70.3125
1031,5.0,0.0001,311.0,0.6295507550239563,74.21875,0.6706533432006836,70.3125
1032,5.0,0.0001,321.0,0.716133177280426,74.21875,1.1054155826568604,60.15625
1033,5.0,0.0001,331.0,0.5611444115638733,81.25,0.7416177988052368,67.96875
1034,5.0,0.0001,341.0,0.6096068024635315,74.21875,0.6410841345787048,77.34375
1035,5.0,0.0001,351.0,0.6624386310577393,74.21875,0.6972155570983887,65.625
1036,5.0,0.0001,361.0,0.5132231116294861,82.03125,0.6251002550125122,73.4375
1037,5.0,0.0001,371.0,0.6537911295890808,75.78125,0.6501467823982239,70.3125
1038,5.0,0.0001,381.0,0.8380290865898132,64.84375,0.709801435470581,74.21875
1039,5.0,0.0001,391.0,0.6615993976593018,74.21875,0.5853893160820007,77.34375
1040,5.0,0.0001,401.0,0.5949379801750183,75.0,0.6797810792922974,67.96875
1041,5.0,0.0001,411.0,0.7156628370285034,69.53125,0.6287146210670471,71.875
1042,5.0,0.0001,421.0,0.6684179306030273,75.0,0.6698487997055054,71.09375
1043,5.0,0.0001,431.0,0.5468084216117859,83.59375,0.6854077577590942,71.09375
1044,5.0,0.0001,441.0,0.6466073989868164,72.65625,0.8231724500656128,68.75
1045,5.0,0.0001,451.0,0.6564982533454895,74.21875,0.7333056330680847,69.53125
1046,5.0,0.0001,461.0,0.7491897940635681,66.40625,0.5801171660423279,81.25
1047,5.0,0.0001,471.0,0.5748394727706909,77.34375,0.7611880302429199,71.09375
1048,5.0,0.0001,481.0,0.6398014426231384,76.5625,1.1378490924835205,52.34375
1049,5.0,0.0001,491.0,0.731026828289032,69.53125,0.7729954719543457,69.53125
1050,5.0,0.0001,501.0,0.5493476390838623,78.125,0.7462049126625061,67.96875
1051,5.0,0.0001,511.0,0.5332254767417908,82.03125,0.8528299331665039,65.625
1052,5.0,0.0001,521.0,0.5601618885993958,78.90625,0.7914235591888428,70.3125
1053,5.0,0.0001,531.0,0.5842666625976562,78.125,0.7964403033256531,62.5
1054,5.0,0.0001,541.0,0.6047915816307068,77.34375,0.7135429382324219,67.96875
1055,5.0,0.0001,551.0,0.5217459201812744,82.8125,0.7347767949104309,71.09375
1056,5.0,0.0001,561.0,0.6861223578453064,72.65625,0.7996301651000977,66.40625
1057,5.0,0.0001,571.0,0.5143001079559326,79.6875,0.6924835443496704,72.65625
1058,5.0,0.0001,581.0,0.7313148379325867,71.875,1.2041364908218384,58.59375
1059,5.0,0.0001,591.0,0.48664212226867676,80.46875,0.6825375556945801,73.4375
1060,5.0,0.0001,601.0,0.6252443790435791,73.4375,0.8151482343673706,65.625
1061,5.0,0.0001,611.0,0.5628786683082581,74.21875,0.8091894388198853,64.0625
1062,5.0,0.0001,621.0,0.5911774635314941,78.125,0.9086557030677795,59.375
1063,5.0,0.0001,631.0,0.5547205209732056,78.125,0.5355753302574158,76.5625
1064,5.0,0.0001,641.0,0.6345178484916687,77.34375,0.6984185576438904,71.09375
1065,5.0,0.0001,651.0,0.5804163813591003,75.0,0.8175533413887024,61.71875
1066,5.0,0.0001,661.0,0.6275894641876221,74.21875,0.8336549997329712,67.1875
1067,5.0,0.0001,671.0,0.46010521054267883,81.25,0.7124927639961243,68.75
1068,5.0,0.0001,681.0,0.6865150332450867,71.09375,0.635615885257721,74.21875
1069,5.0,0.0001,691.0,0.47065022587776184,86.71875,0.805561900138855,65.625
1070,5.0,0.0001,701.0,0.5315108895301819,80.46875,0.7092151641845703,69.53125
1071,5.0,0.0001,711.0,0.623956024646759,75.0,0.6555202603340149,68.75
1072,5.0,0.0001,721.0,0.7192692160606384,66.40625,0.8256363868713379,66.40625
1073,5.0,0.0001,731.0,0.6059859991073608,78.90625,0.800929605960846,68.75
1074,5.0,0.0001,741.0,0.5887323617935181,76.5625,0.7737399339675903,64.84375
1075,5.0,0.0001,751.0,0.6726548671722412,79.6875,0.7069279551506042,69.53125
1076,5.0,0.0001,761.0,0.6368426084518433,74.21875,0.9030565023422241,60.15625
1077,5.0,0.0001,771.0,0.5556734204292297,81.25,0.5851579308509827,76.5625
1078,5.0,0.0001,781.0,0.521389365196228,77.34375,0.5646059513092041,78.125
1079,5.0,0.0001,791.0,0.6102341413497925,73.4375,0.5755504369735718,72.65625
1080,5.0,0.0001,801.0,0.45403382182121277,78.90625,0.6914342045783997,69.53125
1081,5.0,0.0001,811.0,0.5510446429252625,76.5625,0.6552917957305908,69.53125
1082,5.0,0.0001,821.0,0.5179266929626465,81.25,0.5171156525611877,76.5625
1083,5.0,0.0001,831.0,0.4394803047180176,82.03125,0.69703209400177,71.875
1084,5.0,0.0001,841.0,0.5071215033531189,83.59375,0.6975704431533813,68.75
1085,5.0,0.0001,851.0,0.5922813415527344,77.34375,0.7693957686424255,66.40625
1086,5.0,0.0001,861.0,0.561689019203186,79.6875,0.7703955769538879,67.96875
1087,5.0,0.0001,871.0,0.637772262096405,73.4375,0.6762284636497498,75.0
1088,5.0,0.0001,881.0,0.5493864417076111,76.5625,0.7124322056770325,65.625
1089,5.0,0.0001,891.0,0.558112621307373,78.125,1.8994371891021729,43.75
1090,5.0,0.0001,901.0,0.5494185090065002,79.6875,0.6797904372215271,68.75
1091,5.0,0.0001,911.0,0.5205281972885132,80.46875,0.8514496088027954,66.40625
1092,5.0,0.0001,921.0,0.48843035101890564,80.46875,0.8621575236320496,56.25
1093,5.0,0.0001,931.0,0.5417569279670715,78.125,0.6960461139678955,71.09375
1094,5.0,0.0001,941.0,0.5032369494438171,79.6875,0.7402566075325012,71.09375
1095,5.0,0.0001,951.0,0.5018680691719055,75.0,0.7600640654563904,66.40625
1096,5.0,0.0001,961.0,0.4250798523426056,84.375,0.6448498964309692,70.3125
1097,5.0,0.0001,971.0,0.4848140776157379,79.6875,0.7778082489967346,66.40625
1098,5.0,0.0001,981.0,0.48557206988334656,80.46875,0.6276950836181641,74.21875
1099,5.0,0.0001,991.0,0.5329182744026184,82.8125,0.6974413394927979,68.75
1100,1.0,0.01,1.0,1.6401424407958984,12.5,3.5755832195281982,22.65625
1101,1.0,0.01,11.0,1.3804256916046143,44.53125,1030.302734375,15.625
1102,1.0,0.01,21.0,1.2948665618896484,63.28125,22.53354263305664,23.4375
1103,1.0,0.01,31.0,0.974503755569458,60.9375,1.419876217842102,55.46875
1104,1.0,0.01,41.0,0.9045520424842834,60.9375,1.2050286531448364,57.8125
1105,1.0,0.01,51.0,0.90470290184021,61.71875,0.8694122433662415,69.53125
1106,1.0,0.01,61.0,0.8962042331695557,63.28125,0.8474074602127075,70.3125
1107,1.0,0.01,71.0,1.001857042312622,60.9375,1.011881709098816,61.71875
1108,1.0,0.01,81.0,1.0666412115097046,60.15625,0.8980456590652466,65.625
1109,1.0,0.01,91.0,0.8673074841499329,66.40625,1.105370044708252,53.90625
1110,1.0,0.01,101.0,0.7653358578681946,69.53125,0.9987209439277649,55.46875
1111,1.0,0.01,111.0,0.8012165427207947,72.65625,0.9031389355659485,65.625
1112,1.0,0.01,121.0,0.7793434858322144,67.96875,0.8038819432258606,70.3125
1113,1.0,0.01,131.0,0.9709663987159729,57.8125,0.8749944567680359,69.53125
1114,1.0,0.01,141.0,0.7339891195297241,69.53125,0.9882149696350098,58.59375
1115,1.0,0.01,151.0,0.9303318858146667,60.9375,0.9607774615287781,61.71875
1116,1.0,0.01,161.0,0.7760365009307861,71.875,0.7745594382286072,71.875
1117,1.0,0.01,171.0,1.0378780364990234,59.375,0.9125107526779175,58.59375
1118,1.0,0.01,181.0,1.0001567602157593,60.15625,0.8151988387107849,69.53125
1119,1.0,0.01,191.0,0.932991623878479,61.71875,0.8070628046989441,66.40625
1120,1.0,0.01,201.0,0.9766676425933838,61.71875,0.8073857426643372,64.0625
1121,1.0,0.01,211.0,0.8986485600471497,67.1875,0.7791792750358582,65.625
1122,1.0,0.01,221.0,0.8075441122055054,67.96875,0.7165136933326721,68.75
1123,1.0,0.01,231.0,0.7975436449050903,68.75,0.7577632069587708,65.625
1124,1.0,0.01,241.0,0.7874357104301453,69.53125,0.7097252607345581,68.75
1125,1.0,0.01,251.0,0.7403045296669006,64.84375,0.9374909996986389,60.9375
1126,1.0,0.01,261.0,0.8616940379142761,60.9375,0.9919075965881348,58.59375
1127,1.0,0.01,271.0,0.8123519420623779,65.625,0.9259423017501831,56.25
1128,1.0,0.01,281.0,0.9366634488105774,60.9375,0.7765430212020874,70.3125
1129,1.0,0.01,291.0,0.8677641749382019,60.15625,1.0532814264297485,55.46875
1130,1.0,0.01,301.0,0.8000500202178955,67.96875,0.8233998417854309,61.71875
1131,1.0,0.01,311.0,0.8851205706596375,57.03125,0.8655494451522827,65.625
1132,1.0,0.01,321.0,0.9976884126663208,50.0,0.8934587836265564,62.5
1133,1.0,0.01,331.0,1.0172735452651978,58.59375,0.8671314716339111,63.28125
1134,1.0,0.01,341.0,0.8170984983444214,65.625,0.9595901966094971,64.84375
1135,1.0,0.01,351.0,0.9945651888847351,60.15625,0.6403218507766724,74.21875
1136,1.0,0.01,361.0,0.9697245359420776,53.90625,0.9674989581108093,57.03125
1137,1.0,0.01,371.0,0.8743473291397095,64.84375,0.9163243770599365,60.9375
1138,1.0,0.01,381.0,0.7089444398880005,68.75,0.8356082439422607,63.28125
1139,1.0,0.01,391.0,0.7585824728012085,74.21875,0.7762287259101868,67.1875
1140,1.0,0.01,401.0,0.8799421787261963,65.625,0.8896076679229736,60.9375
1141,1.0,0.01,411.0,0.6816480755805969,71.875,0.7385921478271484,71.09375
1142,1.0,0.01,421.0,0.7997262477874756,67.96875,0.7862411737442017,64.0625
1143,1.0,0.01,431.0,0.7995777130126953,64.84375,0.7317918539047241,66.40625
1144,1.0,0.01,441.0,0.7788522839546204,67.1875,0.7941645979881287,65.625
1145,1.0,0.01,451.0,0.7417315244674683,65.625,0.7744796276092529,68.75
1146,1.0,0.01,461.0,0.7946904897689819,72.65625,0.7802597284317017,62.5
1147,1.0,0.01,471.0,0.8736724853515625,59.375,0.796553909778595,65.625
1148,1.0,0.01,481.0,0.6805161237716675,73.4375,0.8627839684486389,62.5
1149,1.0,0.01,491.0,0.7875900864601135,68.75,0.8634400963783264,64.0625
1150,1.0,0.01,501.0,0.9250829815864563,64.84375,0.8512388467788696,65.625
1151,1.0,0.01,511.0,0.6950039267539978,74.21875,0.8992853164672852,60.15625
1152,1.0,0.01,521.0,0.8151519298553467,64.84375,0.7815248966217041,71.09375
1153,1.0,0.01,531.0,0.8937908411026001,60.9375,0.8361917734146118,64.84375
1154,1.0,0.01,541.0,0.735364556312561,66.40625,0.7388651967048645,68.75
1155,1.0,0.01,551.0,0.9582495093345642,63.28125,0.7365477085113525,73.4375
1156,1.0,0.01,561.0,0.7862527370452881,65.625,0.9543640613555908,58.59375
1157,1.0,0.01,571.0,0.7378981709480286,71.09375,0.7645626068115234,69.53125
1158,1.0,0.01,581.0,0.7617542147636414,64.84375,0.8407619595527649,70.3125
1159,1.0,0.01,591.0,0.7053234577178955,68.75,0.8797129392623901,62.5
1160,1.0,0.01,601.0,0.7033991813659668,71.09375,0.7558338642120361,65.625
1161,1.0,0.01,611.0,0.6231070160865784,71.09375,0.8431441783905029,61.71875
1162,1.0,0.01,621.0,0.7258666753768921,70.3125,0.8919997215270996,57.8125
1163,1.0,0.01,631.0,0.7594825625419617,66.40625,0.6533393859863281,69.53125
1164,1.0,0.01,641.0,0.8379813432693481,65.625,0.7554608583450317,66.40625
1165,1.0,0.01,651.0,0.790061354637146,64.0625,0.8370509743690491,62.5
1166,1.0,0.01,661.0,0.7674806118011475,67.96875,0.7497760057449341,67.96875
1167,1.0,0.01,671.0,0.6908280253410339,72.65625,1.0221973657608032,54.6875
1168,1.0,0.01,681.0,0.7544792294502258,67.1875,0.8699778914451599,61.71875
1169,1.0,0.01,691.0,0.7709740400314331,66.40625,0.7250518798828125,73.4375
1170,1.0,0.01,701.0,0.8836992979049683,60.15625,0.7625227570533752,66.40625
1171,1.0,0.01,711.0,0.703473687171936,71.09375,0.7084226608276367,76.5625
1172,1.0,0.01,721.0,0.7756537199020386,61.71875,0.7012112736701965,70.3125
1173,1.0,0.01,731.0,0.825503945350647,64.84375,0.7623545527458191,67.96875
1174,1.0,0.01,741.0,0.6977059245109558,71.875,0.7947304248809814,61.71875
1175,1.0,0.01,751.0,0.713903546333313,67.96875,0.9519109725952148,55.46875
1176,1.0,0.01,761.0,0.7362203001976013,67.96875,0.7792459726333618,65.625
1177,1.0,0.01,771.0,0.7537429928779602,67.96875,0.736735999584198,63.28125
1178,1.0,0.01,781.0,0.6884182095527649,73.4375,0.7267859578132629,67.1875
1179,1.0,0.01,791.0,0.6972951292991638,68.75,0.7068669199943542,69.53125
1180,1.0,0.01,801.0,0.6913484334945679,70.3125,0.6697091460227966,72.65625
1181,1.0,0.01,811.0,0.7237806916236877,67.96875,0.7708413600921631,67.96875
1182,1.0,0.01,821.0,0.6383681893348694,72.65625,0.9719746112823486,52.34375
1183,1.0,0.01,831.0,0.717774510383606,70.3125,0.9776785969734192,53.125
1184,1.0,0.01,841.0,0.7329635620117188,67.1875,1.420404076576233,47.65625
1185,1.0,0.01,851.0,0.7340013980865479,66.40625,0.8766006827354431,62.5
1186,1.0,0.01,861.0,0.8277819156646729,64.0625,0.7745639681816101,67.96875
1187,1.0,0.01,871.0,0.7157303094863892,72.65625,0.7714682817459106,67.1875
1188,1.0,0.01,881.0,0.7817505598068237,70.3125,0.8704002499580383,67.1875
1189,1.0,0.01,891.0,0.7094284892082214,70.3125,0.66459059715271,75.0
1190,1.0,0.01,901.0,0.7593808174133301,70.3125,0.7187375426292419,67.96875
1191,1.0,0.01,911.0,0.6580575108528137,70.3125,1.0591102838516235,57.8125
1192,1.0,0.01,921.0,0.6610535979270935,71.09375,0.8910438418388367,62.5
1193,1.0,0.01,931.0,0.8606639504432678,61.71875,0.9370750188827515,56.25
1194,1.0,0.01,941.0,0.7130202651023865,71.875,0.7991189956665039,67.1875
1195,1.0,0.01,951.0,0.7639960646629333,68.75,0.7342352271080017,69.53125
1196,1.0,0.01,961.0,0.6570289731025696,71.875,0.9760085940361023,59.375
1197,1.0,0.01,971.0,0.7998001575469971,67.96875,0.9301971793174744,63.28125
1198,1.0,0.01,981.0,0.7427039742469788,67.1875,0.7086000442504883,68.75
1199,1.0,0.01,991.0,0.7402940988540649,70.3125,1.9949376583099365,42.1875
1200,5.0,0.01,1.0,1.667531132698059,15.625,46.334800720214844,16.40625
1201,5.0,0.01,11.0,1.2112716436386108,51.5625,24.136808395385742,17.1875
1202,5.0,0.01,21.0,0.8613046407699585,65.625,7.130495548248291,16.40625
1203,5.0,0.01,31.0,0.9904004335403442,60.9375,1.4672346115112305,42.96875
1204,5.0,0.01,41.0,0.8577779531478882,57.8125,0.9400920271873474,57.03125
1205,5.0,0.01,51.0,0.8797451257705688,59.375,1.0221267938613892,61.71875
1206,5.0,0.01,61.0,0.9647963047027588,57.03125,0.8162264823913574,76.5625
1207,5.0,0.01,71.0,1.0714218616485596,64.0625,0.8554562330245972,65.625
1208,5.0,0.01,81.0,0.9763146638870239,57.03125,0.815170407295227,67.1875
1209,5.0,0.01,91.0,0.901152491569519,59.375,0.8136136531829834,65.625
1210,5.0,0.01,101.0,0.8785329461097717,67.96875,0.7621557712554932,71.09375
1211,5.0,0.01,111.0,0.8846337795257568,56.25,0.9277921915054321,60.9375
1212,5.0,0.01,121.0,0.7156721353530884,68.75,0.7613704204559326,60.9375
1213,5.0,0.01,131.0,0.8585755825042725,75.0,0.91534423828125,62.5
1214,5.0,0.01,141.0,0.8485057950019836,65.625,0.9467400908470154,58.59375
1215,5.0,0.01,151.0,0.8447098731994629,59.375,0.7250264286994934,74.21875
1216,5.0,0.01,161.0,0.8142710328102112,65.625,0.9610915184020996,59.375
1217,5.0,0.01,171.0,0.6977147459983826,73.4375,0.6951532363891602,71.875
1218,5.0,0.01,181.0,0.8293984532356262,66.40625,0.8063079118728638,70.3125
1219,5.0,0.01,191.0,0.7647815346717834,69.53125,0.8363964557647705,71.875
1220,5.0,0.01,201.0,0.8830504417419434,63.28125,0.9643656015396118,60.9375
1221,5.0,0.01,211.0,0.9288914203643799,59.375,1.0797033309936523,53.125
1222,5.0,0.01,221.0,0.8192024827003479,62.5,0.7250125408172607,69.53125
1223,5.0,0.01,231.0,0.8666431307792664,66.40625,0.9189119935035706,50.78125
1224,5.0,0.01,241.0,0.8311580419540405,64.84375,0.8128929734230042,60.15625
1225,5.0,0.01,251.0,0.8035894632339478,67.96875,3.0444183349609375,24.21875
1226,5.0,0.01,261.0,0.863271951675415,63.28125,1.4743796586990356,40.625
1227,5.0,0.01,271.0,0.733373761177063,67.96875,1.035636305809021,56.25
1228,5.0,0.01,281.0,0.7320857048034668,64.84375,1.0753816366195679,58.59375
1229,5.0,0.01,291.0,0.6577296853065491,67.96875,1.0549817085266113,55.46875
1230,5.0,0.01,301.0,0.6105458736419678,74.21875,0.8450929522514343,68.75
1231,5.0,0.01,311.0,0.8649449348449707,63.28125,1.2709871530532837,50.0
1232,5.0,0.01,321.0,0.7419199347496033,66.40625,0.9171021580696106,61.71875
1233,5.0,0.01,331.0,0.7137818932533264,71.09375,0.9237272143363953,55.46875
1234,5.0,0.01,341.0,0.6999146342277527,72.65625,1.2645156383514404,43.75
1235,5.0,0.01,351.0,0.5945356488227844,77.34375,1.0475184917449951,61.71875
1236,5.0,0.01,361.0,0.8721379041671753,60.9375,1.0610934495925903,60.15625
1237,5.0,0.01,371.0,0.6667615175247192,78.125,0.8115155696868896,65.625
1238,5.0,0.01,381.0,0.7078837752342224,71.875,0.7591118216514587,62.5
1239,5.0,0.01,391.0,0.7649129629135132,71.09375,1.3229559659957886,44.53125
1240,5.0,0.01,401.0,0.730258047580719,67.1875,1.9527034759521484,32.8125
1241,5.0,0.01,411.0,0.7346218824386597,65.625,1.5145010948181152,42.1875
1242,5.0,0.01,421.0,0.8158743977546692,64.0625,0.9133657813072205,65.625
1243,5.0,0.01,431.0,0.9774341583251953,64.84375,3.0524864196777344,33.59375
1244,5.0,0.01,441.0,0.8005179166793823,67.1875,2.7033822536468506,29.6875
1245,5.0,0.01,451.0,0.6779199242591858,71.09375,2.6069798469543457,38.28125
1246,5.0,0.01,461.0,0.6202793121337891,74.21875,1.5016732215881348,41.40625
1247,5.0,0.01,471.0,0.7570435404777527,64.84375,1.2271935939788818,49.21875
1248,5.0,0.01,481.0,0.629492461681366,75.0,0.6247544288635254,73.4375
1249,5.0,0.01,491.0,0.5983562469482422,70.3125,1.0263316631317139,57.8125
1250,5.0,0.01,501.0,0.7074995040893555,72.65625,0.6720304489135742,70.3125
1251,5.0,0.01,511.0,0.8135296702384949,67.96875,1.1627596616744995,62.5
1252,5.0,0.01,521.0,0.7739442586898804,67.96875,1.3053874969482422,56.25
1253,5.0,0.01,531.0,0.7189399003982544,69.53125,6.983176231384277,22.65625
1254,5.0,0.01,541.0,0.6285921335220337,69.53125,0.9345818758010864,53.125
1255,5.0,0.01,551.0,0.8245192766189575,69.53125,6.1717119216918945,28.125
1256,5.0,0.01,561.0,0.6568955183029175,71.09375,8.327678680419922,23.4375
1257,5.0,0.01,571.0,0.6685618162155151,74.21875,5.174829483032227,35.9375
1258,5.0,0.01,581.0,0.6748888492584229,71.09375,0.9536622762680054,57.8125
1259,5.0,0.01,591.0,0.705685019493103,74.21875,0.8510610461235046,62.5
1260,5.0,0.01,601.0,0.7866909503936768,67.1875,4.1353631019592285,34.375
1261,5.0,0.01,611.0,0.680145800113678,75.0,0.7345884442329407,62.5
1262,5.0,0.01,621.0,0.748792827129364,66.40625,1.0892643928527832,56.25
1263,5.0,0.01,631.0,0.6275760531425476,71.09375,1.01204252243042,60.15625
1264,5.0,0.01,641.0,0.6639132499694824,73.4375,12.729719161987305,15.625
1265,5.0,0.01,651.0,0.8487061262130737,64.84375,1.107304573059082,44.53125
1266,5.0,0.01,661.0,0.6931356191635132,73.4375,18.447614669799805,25.78125
1267,5.0,0.01,671.0,0.7084850072860718,67.96875,5.018308162689209,39.0625
1268,5.0,0.01,681.0,0.5878612399101257,78.90625,1.0171992778778076,60.9375
1269,5.0,0.01,691.0,0.7545751333236694,70.3125,11.211220741271973,21.09375
1270,5.0,0.01,701.0,0.6940297484397888,70.3125,4.796853542327881,36.71875
1271,5.0,0.01,711.0,0.7032318711280823,73.4375,1.047427773475647,57.03125
1272,5.0,0.01,721.0,0.6909042000770569,68.75,1.0899860858917236,58.59375
1273,5.0,0.01,731.0,0.7353494167327881,72.65625,1.7542060613632202,46.875
1274,5.0,0.01,741.0,0.6992563605308533,72.65625,8.494969367980957,21.09375
1275,5.0,0.01,751.0,0.7075591087341309,67.96875,1.1321399211883545,53.90625
1276,5.0,0.01,761.0,0.7114970088005066,68.75,3.3176660537719727,45.3125
1277,5.0,0.01,771.0,0.6024684906005859,77.34375,2.513000249862671,45.3125
1278,5.0,0.01,781.0,0.6981461644172668,72.65625,2.2096548080444336,49.21875
1279,5.0,0.01,791.0,0.6351603865623474,77.34375,0.7326419949531555,69.53125
1280,5.0,0.01,801.0,0.5727509260177612,76.5625,1.000274658203125,57.8125
1281,5.0,0.01,811.0,0.6386444568634033,75.78125,1.2170915603637695,51.5625
1282,5.0,0.01,821.0,0.6970205307006836,73.4375,8.841487884521484,24.21875
1283,5.0,0.01,831.0,0.7110476493835449,69.53125,36.7675895690918,17.1875
1284,5.0,0.01,841.0,0.649520218372345,73.4375,1.1849732398986816,45.3125
1285,5.0,0.01,851.0,0.7193225622177124,69.53125,0.8653857111930847,62.5
1286,5.0,0.01,861.0,0.6271407008171082,72.65625,1.0752357244491577,62.5
1287,5.0,0.01,871.0,0.694446861743927,71.09375,32.298912048339844,12.5
1288,5.0,0.01,881.0,0.6514007449150085,73.4375,2.2630112171173096,41.40625
1289,5.0,0.01,891.0,0.6535014510154724,73.4375,0.9572932720184326,59.375
1290,5.0,0.01,901.0,0.6869611144065857,74.21875,0.924147367477417,61.71875
1291,5.0,0.01,911.0,0.6488287448883057,67.1875,1.431127667427063,48.4375
1292,5.0,0.01,921.0,0.6346222162246704,74.21875,7.24872350692749,26.5625
1293,5.0,0.01,931.0,0.6036513447761536,75.78125,1.0297106504440308,63.28125
1294,5.0,0.01,941.0,0.5965330004692078,75.78125,1.5748776197433472,59.375
1295,5.0,0.01,951.0,0.5792004466056824,76.5625,0.8028558492660522,65.625
1296,5.0,0.01,961.0,0.6057649850845337,71.875,18.860191345214844,14.84375
1297,5.0,0.01,971.0,0.660085141658783,69.53125,0.7955368161201477,63.28125
1298,5.0,0.01,981.0,0.5909698009490967,78.125,0.8797740340232849,67.96875
1299,5.0,0.01,991.0,0.6189016699790955,73.4375,1.0334635972976685,56.25
